标注名称,特征向量
方块戏法,XpMYQGBCksAkDUjAlNVxwMnysECojt0+9ZluwJ7Ij8AYE5xAYquCwDWfB8GCpbi/XSGRwMH6T8AuQQFBf6APwNEFiED4ipVAUxQLQYjiocCwv4xAmhUoQH5yJ79LQPS/LdEVQa6MlsDeL81AFhihQGfS8z8Si1g+VTnCwEPgGsBisMZABH6NwE9Uj0Cb0gNBRdaUwGjldMBTvBRAFt5QQGhV3sDa1RXBzIAQvg/X0j9GAh/AT+2iwM3bvT8kRklAm+QOwRSFaD9T+K8/H0aFQKNGT0B7ENpAFEJMP9WAlEAEsEbA+cQDwNzimr1OkMNAo0WlQJTfBD6G+nRA6sNrwA==
绝对不是下酒菜,FKe5wH/MFMBcTJo9sNj2v+qiwkB8rK1AkGRYPBYI/r+H2hNAKP37v199v8AibxHACp4HwPIAjj+04TVBcG2ewPTAB0CRfkJAS9LdQGUYSD8gv7+8Cpq5QFmMe0CaIy6+ZApCQfoPCcDRCjFA7b0dQLyMBUH14ls/ZENrwOtpSb8iRpBAxeIgwAPOUED4661A8NgDwBZcecCsQRS/pCkfPYKGCUBD/xPACEcdQCtAkEAVVdM+050VQPRYtL8kEErAW206wcVWikAhyUFAcVHjQCuIi0BXfr5Av/qYPPAfiT02avXAD7wxwSbHrsANOINAz68gQDVpiEAlm0DA6J8mvw==
黄金乐曲的变奏,DzorP+aKxsCKTQDAQnjpP3603z9ikVPANFFmwBF9uMCDVKRAAA3dwLNPDcHoWtrAZnWqwB74dcDgm61A6qsOwd0OtMCdnDxARNUSQRSz0cDcmKtA+Vo0QK6LXUADMC8/f3iYQRi3ycDkZfZAd9CYQEZs5T/RfI5AXqi8wAPZoMDHgsZAVDK2wDhEd0D8UwZBx1KawHqN0sBnlIdAsrS/P1g650A0mmTBVJ2EwYiFA0Ecvxo/uUaGwDjoob9WB6m/0rs0wfzuAcDOv71AmgQHQbr5XkFTpjtButdPQGDrqj/ObSjB3ARswQhsn8A+aOdAnGWwQDqNJkB4GexA2Dl8wA==
黄金飞鸟的落羽,8DumPB1Dp8CSdTvAn9E9QJApAUBY+1s/KmdRwIvjlsDoVaxA7F+ZwIYQDsHTovq/aXyTwADPZsDLrLdA52WfwIbSXMD4oHJAWNoOQTJymMAKAIpAWC46QEsMFkDgtZq/0ts9QS39ksCTAuFADpqQQFg8gD9doKA/iLG2wO9xoMDLPspAHBmzwKAee0AeVwRB6wWNwCxXvb82dZtAykwrQCRACr+vqTDBNvNIwa+/iEDNpAHAZLvowC+Vdz988spAfv75wH3s/j9BOwJAoEWUQMjvy0CoNpFArHCOwD3S8z/UiIfA7J3YwFQcEsCJNMxAhPqcQIYCQcB3OoJAUKN6wA==
枫达,pC2IwFdWkr97ffM/ZdvAP218/T/CbaBAOx+EP+/ZTr9sKOE/1W2iv+OlwcDBrA8/8pViwLw6zj122/w+g/68wJ5dZ7/XFhBAyMrVQOZeK0D6iba/tyYMP0Bc8T/qMSC/ULE0QZdXn7/c6SlAoSj1P1dyy0BFLV8/uR10wJvVs0CYOXlAkS4wwGNrlj8cAKtASrgMwFkblr8m3FvAKP/hP1rXNcB+UtU+j3LIwF6csT5EGRq/SG6RwG5tF75AlAk/HywuwSwgNT/6iPA/VPugQDVoX7/4zxVBE4hQv36fHj8jk3PAjq+nwGzGAsBFl05A2dX6P78tJEBQxE/AwuQXwA==
常胜传说,4EacwK2s9r/srus/k8Ssvzc5iD/IzmdAlsQmP2LcAMD2S6U/L1YiwH2htcCvPWDAnHxIwIRiUD+6jVJAixUDwUN1EMBza7o/hJnJQFHjMT/Wg7E+nG0yQGmVXEA6Pi2/2J6QQdHG8L/wCCxA5XzOP8Bi/0Dpg2hAh3VdwDCmXcCRvHtAv0ANwEjYcj9CKaBAKHkCwHSJ0MAh7c++IOtXv8b+C0BluMzAQLyUwGD3X0CJd98/kPexwBoq/7/wr128D+BZwc+o8D/m6aBAbVH3QFYvbEAU1lhBbjQxv/IRFEB+sw7BQos0wShEf8CTMm1A4CEEQMENIkCxLWY/zHBRvw==
乾坤摩拉肉,TFJ/wIOPKsCqSKE/bjrdP0kAzb6OYYJAJIMKPYm7U8A7MxtAM95owO6DzcBi2izAgA0QwN66Bj4v0HhAPrjSwA/n1sAvSY0/XsvaQL0oxb7O7Ys++B1TQCm/iUBeZCS/YJ11QQeiAsCboTdAe+D9P0cGtEBeFNU/S2ZmwCuHrz+GZpFAVExlwA5IkD+eKrNApQUvwGoVXcAzIOW/UM3SPkYwpb+g4PnAzMJ2wJKClkAeODE/fOW+P6LTEsBId1k/zI8uwWZkoT9fTHVAG1MZQTAL0EBiqhFBIGRovjS0+r66J/7AMllmwdvvocC57IlABBoZQAYdwr7y7am+L2Kcvw==
魔女的炎之花,qPIjwNTZhMAA5Ly/2g1MPywenUAoZfU/kyBBwLvsLsBsk5BA7W5QwLZUEsEFRe0965e0wIY+asAYceE/u2XCwIpyY7+odqpAhtURQfExmL+QgUJAq7zLP7y2Ij+nawS9e60uQR3Me8CMMs9A83mTQEBEbUCdJaw+L2W6wPh7/r7AOdZASnyKwA6zhkAvtgZBvlKFwDQSBcAu3F1AvY9mQLpU879x5mjAGr//wDTUcz7w/TTAYyIFwW7gKkB6dohAdcEmwfp0GkDSx4s/A8zXP5hRAz/II15A1u+RwCbrIEA489q/KCJVwPTZ479j67tAN42fQN7Cirz2woC+y6eNwA==
蒜香面包棍,wNUNwFM+mL9V4gBAuUCSP+zBWkDySUBAlg8cPx94Zb+Yn50/50kFwG99psDU7dO/2Ms5wLFY974XfRdADubfwJ1gWsBhNaQ/AUO6QKfsrD+CCJq+zwLLP4NKJ0D2+RY+thV2QRcI4b89KUdAsECuP0PV2ECGGi1Ag2tgwJF8v7/1UVxA5MX7v/cBDD+Zyp1AeEgHwCIgycAg8z7AoCRYP62Wkz/VKWjAgPwJwW7QB0CE/T8/oS0HwchJZr8YLkI/aWs9wfAPVj+y0WRAAiuwQLtVUUAcND1BXhGWv08M5D93qtHARk6ewH5GMsC3S0JAYVnwP621AUAVl8c/6Pnnvw==
双果清露,tsvRv+xdlMD2hhc+gCz/Pzc/40BmHBtAju4EwDsjfcCkRWVAcNaPwIgT1sDYK7zAqwO5wIaeqb839yJBQsYLwe456L8WmkFAg3fnQBCTYMCOCFBA05XtQN7VaECGMn6/srWXQe5GocDlQ6pAE76HQFq60kDM94JAyjmbwN56k79mupxASeYIwBZW+z/mo9JAoKx2wDKQDMEoxhNAcRIPP6ZxIUEodfDAPPqXwQY+8UAaR70/2KyWwK5a6r+wee8/A+ZEwQraEL+VxqNA1+f8QOBwLUEcBRRB0oYlQAOzjUBw6RDBNqY0wchdwcD0krdA4rKOQCO3AkBs3U9ALozYvw==
磐陀裂生之花,84DgwA0QPsCcSfE9APuAwPaHUUDW2gFAMU+Vvzqz5L+ijUNA8p0MwNQYCcEYH/m/ywOkwL/p979m6oa9gL0mwYiYlr/eFYRAkbcKQS/SXz9AGqU/83PVP49pA0C9qpE/hyciQUgiUcC0waBAtNp0QIkcBEHMH0hAGBGawEqtQb/aS7dA69s3wEyMV0DMsPBAm/dbwEaLKcCRiANATiukP/4LEsBjwbnAgdEbwZf6B0AAUES/tU+jwNqmkT++5p69rQokwdxmNkAIE1ZAETqkQJDeLEAM7No/dTGTPzwtBkAGh0XAoarUwFtwkcB7FqhA0U5wQGMcl0DbTC5ASw5DwA==
炸肉排三明治,w4/Mv29cxb/7uoo/vdgnvg/uuUCEm/8/wkdFPx5+tb8QYFY/a3UQwPz2YsDDCJzApV3ov8DrgDuOkBRBVT2owCVxh79AN7u7SpiIQOMqBL/byhQ/9EWyQNj1hkAtHIG+C9GFQe6s3b9rsCFA5kosP5vZAUFf9nZA4Gjfv5KiNsEk9Pc/L2STv2bjDz8YE0VA/k4wv88QDcFQcJk/hTyTvyq2sEAjJRTBlJ0swIkfpEBIA/Q/ZRy+wOaY4780Bbi/rQ49wUiciUC19JFAK77QQA/OGkE7kShBUHMMwFLDVkCYZwbBM6sOwTGpZcCnsBpAHgB4P33BAEBtZKdAMkglvg==
教官的胸花,Jkxsv3IYaMATN4+/egkMQAM29T+qAPo/B1zZvyWibMAdzY9ACK+FwP5XB8E0GlDAkAebwMSnQ8CkJcxALJ8FwXtk4L+RVFBAXEEQQS/XY8CbeSxA7GRsQCZ5vz8fLOK/4q5kQRjhZMDkv7tAcOeAQN7/bEBIAT5AHw2twGJ/pcBOFL9AnjOOwDGwPkB3AgBB1KCAwND2csBhhj1AVDobQPLmcD8uOj/B3XBjwVHw40Ck6pm/eNHuv07LT77UcUpAZR0xwfjUgr8FvGJAQ4XgQFPDt0B72etAxuipQPnthkBWsb7AQIbswKb5SMDIcsNA6uyDQCumX7+Dq7VAJeJnwA==
守护束带,uOb7QDJNX8HukdfATEZHvn6MYcBwcD/B5yhAwWRmNsHmFz5BiutMwXvYj8FWkWpAPDdAwYzrTMGABxvAk1udwI0kwsA3BytBJaeEQSQaFsHG5FlBHBziwHoGh8C0aiRAMBufQXJrPsEkOHFBeHk3QYRGkcBxA6XASVpXwUxaXT86EWNBpsI0wZyPE0FoLohBkuwiwfV3bz8bCVpAjMMaQWSkH8GLvPbAhKI9QB710MC0YuHAU4X6wHfkGkH4Kw3ApvRkwcr3oj8gHFDABnXMv2JlQEEl0ypBvtpcwQYVlcBuEzPARoIuwCoRuD8Cj1hB6lNKQXvFtz80F7hAS2E/wQ==
沉重号角,auRPwOuUs78J/em+xC/XvqsLa0Ci2R5A0mm6PRerO7/mWPs/KbmDv6B2zMD/JMi+EBQJwGRw0b8+Z8E//n2VwNYYGz/HuTZAhFzYQDdpgD+QumG9BEFpvjRulz8gs4k6l6rRQHzfxr+FL3FA1UYfQKRynEDGB58/ELZ4wENlh8APt4JAX1g9wErKNkCeT7xArFgPwBJ14L/czUw/J3f8PyhS7L9fZYLA/BqcwNk0MkBOv8S/KuXKwPi+Mz9EnoA/OUvlwCsBJ0CuHsY/DmsAQGadAcBRSJdA1zSlv/QoH0C6sA7AJoT6v/wJ+r2cSmxAKkYYQAzLOEAwh+I/SpAzwA==
超级至尊披萨,qPQ4v/4iIcAJYEY/IAn7vtgeQkDqFjZAmKWNv7KWK8BNUw1APs8wwGiEqsBODwXAMDCFwBTVvb64ycFARsmcwI5q3D9UFdI/eie3QKY8o78Wcs8/Xup6QPF4xT+XdOO/DXluQTZjPcDIEFRALEIZQIxBxUC2Ng9AFg9xwJxSJ8CWEHlAmev4vyjyHz8g0Z5A0T4ywD/Qr8Aroq0+iM/6Pqz6YcCGsvXAYDanv5H2Cz1+3bI+sxTfwGgZib7HIClAEy1BwfpDID+OPENAQW+6QL52uUAoJUVBVFnCv7R9mECsPr3AFoqYwAVtF8CDlWxAyA4pQBsJ7r+YKiZAip2kvw==
烤肉排,7FqywGu9NsBIwX9AbvXevxmCnMB0VTBA9uJtv5uDB8D0Is0/pvcswP6QrcB1zXA/N/mtwNJ5KT9pe7bAdHbTwFmL4MCaCVk/kBepQG2TE0AgxoQ85gFmv1By4T8OeFm/1r6KQcl39b/YvKY/klfKP7jf0UBNoAY/uGhiwMoRMkHDaYRAsowOwIgycb/zLYxAmuFCwEgi3r428FXAX3o8v7RpgsECTdHA+t7gQK1DuMAS+ZE/XsUIQEyMnr3mLQxAt/BbwSgUYT4O2zJA5AsPQTSj8EByOi1BlOmtwOBZZ771l43A8Pk1wbPBT8Bk80dASMAXQBIxQ8BE6VrA+GQOPQ==
鸟蛋烧,1DaFwAnQJr88JQFAb+AEQMZhsUDOMs1A9FsHQGpFl7/S5ZU/noHXv2zmocBUi1HAgTnvv9nJvr4aATxBeBELwR3R/sBjJfk+YcXMQNZunLwEEq6/JmbpQL+YZUBWQkq/kOl/QTjyBb5D2RZAzyedP3Rx4UAm7Z0/yMLkvxHRKj4P5jpAYM0IwDgMFT+qynhA6lFOv2m32cA6htC/HtKFPxD+oT5OewjB4Dguwd0SwEABX+E+a2nGvvfMA8ALjcpAd5k1wd13O0CJcFBADpsfQbxw2kCYXrBAXtcUPzfZpj8eob/AlUE2wQhGzsC8xBBADi0FP2MYHsBUDx5AnMKBvw==
异国之盏,ltWSQDJZ08B91LXAMLAEQK6YsECvpf+/XvWXwD2Qz8Cpp+FADDbVwNI5JcGaKWTAVY5/wChXs8CIOjlBbNtYwAmNGj8QeadAGN8rQaz8CsFKb81AuFeIQOKT6D9OLnO/5PUxQU6ptsDRmBJB5ZW4QDDg7r+RGdg+vwTUwPCCKcFOv+lAjpHnwPqPykBCkR5BLpybwFcWQsBomOBAP8iBQDMYVkBSVmrBjAz2wLhJ/UBJ9VvAdtNXwIadsj8G2tc/7y8JwYZsT0ADd9s/orqGQAK36EAbe4BA4kgcP6fvIUDItYnAdlTSwOVsgr/NuvpAhmXBQJh68r00qfZAMYatwA==
教官的茶杯,gbqLv6+ct8AUogLAwCxjQLJ3X0Aw2R6++clwwGD5mcCnM6lAc8i2wDy/EcHFMIXA6Uu5wJJmgcDWNshAePoDwTUBz8AD1IBAmK8WQXgqncDHp5VAsad3QPXEIEDO5EA+fH2IQZb2q8DSheNAHy+cQKTSPkAUajpAYr68wF5nJsDB3NJASKyewDTHd0DEoAhBITabwN9HocC3d2ZAG+4nQKRcXEAVYzPBkCp/wTQq3UBUIGe/gllYwDi5Er2payhAUysywbyE/L+zfXxAF/XDQA/PGUFOc+9An8sBQDAW5z9j/ePAlRM4wXobnsBJjuJAh8SxQC8QR72LJ5ZAV1SAwA==
历经风雪的思念,jvCbQSsNksGyqlLByBvsPhrObb9+er7BQzSDwQMXicFQG4RBqYaWwcipsMHKqFY9rn47wUJRmsGW6d5AthkUwCqNUMA8Sk5B0XWsQblqp8E3VJ1BqoTzwC1JscDEHINAZw/HQTLbfcG7nrBB4RpWQeAUYsEm8AHBRml2wSRP5cBPE4dBLtKNwQLfckFvX6lBDNkywbcM/z/xNyhBBaNcQVviIL96Lo7BQGo4P3+KGj/h7zLBB19OwN3pPEFGdO3AOzGAwfxWsj8wcIPAKy2fP93FtEECHBhB/bK5wPMf0MA7abDAyMkmwXJwE0BxO4hBHwZ7QaYglECr5FhB0OiIwQ==
日落果,JfXavz7THMBrNaa/fgYOwE0TcUA6giBATH/5vkkhZsAHuGNAkVJIwPlI7MDLzEPAqaH6v9Xjqb9APAZBCVOSwI/OFUBb4yRAqh0JQXPKMcBmPIY/QCppQAjjxj+maiQ+e24iQTN9LsCbKYpAJM0+QOiqiEBPbdk/w42RwDdhQcAWZ6RAiMSIwPmGeUD/l9xAdPJKwMo/icDFMpu/yjUGQDyf7TyYJxHB7bQtwEu2/UB3mJy/AseFQDamdL98VXzAB6EewftkE7/pNl9AWF8MQabPaUChaJRAB9YuQQJqGUCaQt3APv4XwcPiWMD9H6lArq9OQJXIl0CFHRtA5vofwA==
守护之花,hDAfQaDTAcGiTgDBPg7Zv9VsJEGE2czA/HfUwOmv7sAaHAdBohgFwehQQ8HSFILAdZKGwMjyDcEy83ZBTSXWv3ibKj8rvstAJT1TQQJhOsFS9BJBax9AQOBcmr9ND50/8NJfQUHK0cBQgTVBYL3hQMJBsMCLkQ3AGBL4wBfXJcECUwJBr/sQwT5PDkHkwTpBFwKawJ+X4MAkCKlA/JnWQEQfhj8sDnjBqGFpP+Qq1UAdbqzASp+lwNkaYUBq/Na/xWMrwaBHhUC2quk+MbEwQIO4G0GkEwFB8nekv7Qfiz8GVJjAvmaVwEJtpD8KcwxBSoXsQJ5y8T+aiyJBwKABwQ==
流放者怀表,Zqy9QCMgBcGZyMjANOjTvljEBT8qLsTAqpfjwEDg9MBsAwNBUer6wFzSRcGirHg+dBy0wNJW9MBWWLRAIj4LwIbazLymtNlACX9FQSa4C8HYrQNBzXWwvx72jL/Cgi8/SnRBQUrr58AozSVBP0jQQLG5gsAHngPAA1gIwbhPq79EihJBSswOwZBa8kBQWz5BltLFwE60xD/Nf3VA5uPIQNIG78Bz1C/BS3kCQPkpdb8ZjqnAw/adwIfjjkBswTg/digZwRgFrT7vKKC+478bQHRiBkFlWgpBaYihwPeW1b/ZSmXAc7yUwEERkj7FGBBBG4D2QGcyTL9ktppA/UX8wA==
混沌装置,1+SxwAckZr881i8/ceyQwESKFUCyWIRACqEZPzxaF75UeK8/EOQBvleryMCpU98+pt0awEhWID+LUg8/nJ+ewIU6l0AmijhA2TfVQIXWLkB+FIe/ITgqv8TuxT9ZLA4920zHQB7plb+uICdAX2sIQEp42UD8WII/RxyBwDajmT9fRnxAedIbwAC9JEB+obRAaAgMwIaPMb9MiR3AMqSHP/TJq8C6qCG/0w5DQE5Mpj7k2T2/lMC3wCQKjj30Aue/JoMOwRI0OkCTtgRARX94QO3el8DsbfJAzNYVvxs1+T9pgmjAJtXwv7Q8hr/3ylJAcgUPQGdBtUBjbyTAhOcDwA==
祝圣油膏,oKVHPv7T0sCNtWjAQX8EQAfwzr721EHAx2+jwN6sucAJcMxALiO9wKarKMEuQG++ONnCwCIksMC3Qis/WQqMwOebXcDa4alASV8kQaZAmsAiKbFAOUwvv4CQIz8cjTc/YuMpQQa8y8B/YQRBhhiwQLYrET6q9Gk9W/vfwJpWBECWVvlA7hDRwMhkpUDscCBBReq2wBn4qD+allxAjCqUQCqA1MBI0AbBfBsjwVJ1nT6Krl/AUu+YwLZWQUA4az5ArkbrwAke0L9dz0M/ktVJQEJ940Aw1GlAD3ElwGCVHb3yZU7AumPlwKErE8CuCPZATFHQQHuyX79t0TlAh426wA==
炸萝卜丸子,q4dUwHC/ir8wNtQ+fMQ2wIJV2UBuxI5Arr9hPzjDYL8ed+I/9HCNv8ymqMAQvSbAw8wEwBsayT7e1RRBuACswIeJhEBlPAtALwzDQHbLHj867lO+WMZ+QPxVMUC4wDu/09QdQasou7/DIjlAaMsIQBnCAEHhwBhAlJdMwBeFDcE7sllAw8S8v7hLCkDGl59AjO7Nv6/RssBomN09NsGFPfiaM0AkyqrARhwVwMOE1UAL69k+ytYawEB7rL8wnR/AVnYdwRXOnUCIHVNAI3a6QH8YxT8nWKtAQAcxQEhehkAzybfAAU6FwHD4EMC/Z11AgHjzP+6Gn0CAyjFAerx3vw==
故人之心,BDpaQQZlWMHPMETBGP5aPpEtRUFUCn/BqpA1wUbgL8FN7zZBu9hIwUpNgcE2SaDAv9O+wDHCXMFSXnZB/d6Rv+7oAMFNghFB3qqAQS7ngsFQ82xBL421P3BHCL+EzatA+rqQQSqlOsEgnYVBa5scQXTTFcGSWHnAD8YmwXlx5MBonC1BupRFwUxZSUHg43hB9jz0wA32ysBxDvBABF8hQRSWUEDZG1fB6LM4wBWTfUCSB93AElbswNAav0AA3C3ApAkJwYKrKEByLJ2/kvzCv+u1lEHyLP9A5jAuwS8fl8D8NMDA7LA3wUdKhr5WnkRBIQI4QVwNWUCWET9BmkQ7wQ==
奇迹之杯,/+keQE8m2sD6FnvAS1HgPzZZ3z9O1GrAx5SRwMAHzsCkRMZAcMHTwAxyGMERlDLAAmWMwPIKmcAiLtdATnRiwKzWRr4cLoNAKqcXQVILzcCb+cFAmXWhP5jFEUAN+hI/44lIQRxA0sAo3ANBmL+oQKLVrT44wpQ/LGHTwPRZC8HUAt5AWCbOwO4On0CR7xZB/N2jwJgsx78Sv45APOxHQGrDQUA0rDTBaOTuwBixxUAUNArAWCtrwGZFpj96mxvA5hb+wGa4rD9qxRRAjoCLQGJlK0GALsFA6ZcLvz5fQj/0DOPA6g0HwdMsB8CZZPtAwyjJQKXOA0CFF85Aov6fwA==
苹果,BIuQvzaGEsB0kvS/+m5cwDrgTj9Shx9Azauavzf2KsBbgFpA7sHgv+MG7sA96hhAdE4FwPAyub++LyhAmmmyv3HibkCxi2xAkaABQdsbSb5L9HE/Tbusv8Oylb+tcvm+3eGnQAvF5r9D429AVzkxQEpWNECAzAHA+hOYwMotUz/NE7FAEiSOwEXggEBn49ZACyo8wDsTpj81cz3AQxlNQIpTN8GdpUbAC3YRQWbF0L/CBk7AFlniv16S+z9Uusc/LVzfwLMJCkCPXMK+Azl3QJJfScCT/a1AbxzPv5pDRz+v+fG/BAZBv/XfvD7evIhA8JtJQAQ7YT5LwUK/obxhwA==
学士的时钟,A0+EPzMdtMA4sYDABPgTQC4/70Ax+ay/gYRhwCcKlMAhcLZAuUKswDyVGcHiaoHAo4WRwJvipsBI9gxBDPa7wGZwh8DL7pZAClwhQeyvqsDOS5xARZ50QE2EC0DqZSE/phRNQVihosBPzgRBO7arQAOzHT8FTZc/bC+8wGZk7MDFZc1AM3fDwKK6skAynBBBRIOIwPbWsMA4lKNAvP12QMVdyEAqLhXBiCCJwerHAEH8MB7AU/i9wMx3kj/UbxBArZEAwU68M0CmoAdA77VyQCgY4UD60jdAEuhqv8aOmT+Q+YvAhKgKwRZcLMAAVtxAC8KzQC32yT/PYNJAtImewA==
鎏金殿堂,3NyfwIdJi7+v8rU/OLBzP6xlrUCheKFAlGX/PnFXGb8o+kc/jHSbv4ZmfcDwHlXAfL8UwI5RpD8ujJRAlfy/wLqVnjwbN4Y/caWNQCHc6D/ZMAG/sMmeQIMji0ASsD6/noBLQcdMz7+O8gJAquZjP9vEEkEbhmZAzbwYwLjxg8C3uSBA9Ih4v/thED83ymRAJ6CVv9Bn1MBEkDA/PBt+v+Kg1z/HylfAnyjhwCi5wD9a5d8/50MYwRpD3L+2GkhAWb8fwXgXY0Bp9IJAWXG8QKU7W0DmexJBsWWSwMLyU0D3U8DAnnPdwJWBeMDa5hRAH9CtP6z2Cr42eZ++UtFIvg==
提瓦特焦蛋,JqE9wHwNU8DO2RU+n8kjPiaVi0B+enJAt8Zdvv/SSMBZflNAkSWDwKMQBsEWtDbAHgwewEcd6b8FnyxB4HAEwWd3qcCzWThAQPgPQdP8Hr+quYo/kIiGQOv6fEALwrk+w/R3QUcGCcDf4ZRAXIdlQDSS00B1SUI/Dw2XwHJ7BsFL+L1Aqnx4wJwgQEDQSfhAINRCwHXIvMCI9pC/8ujQP+gZsUAEvADB1WJgwINvGkFQckS/ciGQPwxxm7/XxAjABtgvwcAnxEBSBTtAS8UBQcnuzECvcNRAalEPP9jiMr6l/vHAg6A4wYLBncCoobRAG4FUQMp1hkDl5n1AyiIlwA==
冒险家蛋堡,dStFwMCqQMA20CFA4Xfnv9aGFkC6ACBAdxDDv57nDMAs+Oo/vyhKwD2hpMAM1j3AnHejwBErrr5kQJc/xNnawNre6zzkbtE/HIOnQHPTH76cJ/M/vqpnQN/tQUDwPb2/9vWiQbqLV8Dfg0hAKs4OQFn2B0HhyYBAURN6wAyJx8AgeH5AJxeIv84Blb3q4qBAsOA2wJzS8MCyMNg/TRaEv5i5ZT+cjvfAcMktPXsmXz+FUdc/cRbCwPxZE7/yCVO/NOx4wWxDOUBEoJlAMKHiQLoiBEHAa01Bf/5FwLClmEDkUObAVswQwb+qOsCw8oJApMtAQFUGuD9cKsU/MGSuPA==
祝圣交响乐,4jJxQB0FvMCz2WvA1M/Kv9xRg0CO4ce/3LmZwMkgr8CLkLRAHSiowKnFGMG3Fv6+FciawHWVjMDaMs5Ajvjqv4ghAkB2iZdAU3QXQRMopMDq6q9AX+nUP2hMN7+GTmq/oVozQTzyqsDRz9xAzEGkQDp1vD9uwI+/B5vUwCz5ML/YAd5AcSGpwEd1jEBQfRRBqrOawBJNI8BEL+U/as+CQMZzH8EgCBLBZLuuQHit9r8MCVbAGf2qwPBCMEB2QhxAh68SwYJLpT9luMA96Oc2QMNutUCqhBlBc1upwAieU0DpGjrAqm4swEL9Mj6k1tpAIF+5QPVI7L+mg3BA3+KbwA==
祭火礼冠,zhVpPzqOucCNfQDAtFoJP4cmTcDKwuS/3XOPwC40qsDnz75AcF64wPr8JMFCLvs/OJzLwHiymMA4Hy7A4C+DwKZcOMDYVJdAxsIgQa44UcBFtJRARPRXwEwIh7+KknW+zjIpQdYBo8DRKd1AzZaoQLKcRb9a2Ha//A7pwIsXo0AER/FAKsjbwIRngkBNGxlBD761wFmp5z+SfBM/eHCUQHF5VcGQGvjApoxXPXI5VMCK7mfAjtWZwKY8VUD+rpY/H+AZwTiuCMDd3Qg/TpRdQGnXXkDsGBxBT+JgwKPpTL/MLhrAiBFawLhzSr3gbuBAIcvBQKsbA8Cw7pQ/H5a9wA==
摩拉急速来,6nYhv1apTcDeiw+/IFKZu6n/tUDLxj9Aa3fIv/1iUsBORVFArwhVwPrY2cDXaj/A+mtZwKJWab86sA9BWMmewGwdOUAS5jpAAufrQK8REMAYlwVAsJuiQGkzCkA5Cb2/ovxnQTDFWcDCdpBAyJZGQMG2n0DWswRAlX+ZwCcsbMBkDp9AX+NEwPjUIUBRktVA6/NMwBD9usDQr+E/cRitP5FSRkAKa8LAYp/RwEi6cUCORQC/r5iXwDQABb9gwTU/D2BEwVBYyz+KrFFAuxPJQBDuiUBW/CVBN56hP3mIh0CCw9/AowziwKoHMsCU159AInlrQDkRbT8wc8k/NksawA==
蒙德烤鱼,XIePwLT1Q7wu8jlAXxlAwOGgeUAclKdARN8HQGYEk74o7Es//BpNvw58s8B3LIu+Ra/2vzkB0r7mGOZAHNUCwe9Ik8AuBZ4/6fXgQIZUA0DmS9W/oGY/QGQu2j9CPyc/6piFQXYiED/JYPw/AikjP1DW/EAP7aW+a3j+v5hklD+TUVRAln3yv/YUGD+R6oxA0M7XvbgVs8AsFnHAfKthP5TN9cCxFfnAivUWQPbyuz4/06K+XJ+NvyT3qj2AZwdARbxWwXZqrkBvSBJAFOASQR/zr0AJ+9dAQXkLwNNH3T+Nl5TAgrr1wH9miMDC6+c/k7qZPtgDnb3lD/0//G2kvw==
「美梦」,OTEuvy/XhcDHHPk+VLIoQIIciUBcnwS/h1ucv2FUWMCuDitAwW+fwLppy8AbN67ApmxiwKqwB8BP7OxAhsUCwcgB5cBfrJI/bcXbQNXJKMCghDJAJDWAQBcNh0AyhLE/ILKpQZ4qgcDVMJxACks2QH+RyUDKWoFAYbyLwJoKrsDu/YNA/Xs5wFMpwT8YvshAOJQ9wJoJEsH5Gde+xGEtP3p5DkGi1xjBBRxGwZ518EAtpcM/gRuSwLqY7L/glzzADVlNwRBmpr63LqpAMfTmQHiVVEFdw1NBsLxUP04KYj+XjS/BSq5WwUjsqcD4A6tAQfVrQDPbXUAkfqxAArMAwA==
守护座钟,UzrlP/cM/8BE42fAJOdNvZHxf0BohdXAjoSkwMI7yMBjp9pACzX0wFGfMsFw0WTANGPkwFtc48B+selAqITmwK4ANsBYZMBAyRYvQVv0x8CzVelAj4yLP24x2z/hLQxAHUaAQRBx88BpbSJBieXXQLHDmz/1TU4/1zzmwL1jMMGo+fxA1RnNwKIMy0AfOC5Bv72zwBpySMDrELZAZqeOQFhzFkHIqxvBIhkXwbE+DEElbRrAEucLwGfbLUA5vLDA+zEbwYk1P0BwQ+s/LNYqQMHvYkHZVHtAIP+Dv9VPhL8sot3A7AUVwe8xa8CGBg5Bc7/oQF4y2UAoRwRBO//GwA==
翡玉什锦袋,GtKOwPBlIsB2kHVApRLDv9P/6z+Wqn1AhnJrv/GgBMBuqdA/O2xIwFA5vsAa4HzA3eq5wAAFFL9zmw0/kPcwwQA7O7/fcNI//tvPQMsGnz7ce5U/fhSTQPN6KkDTrvO/jVvIQSBmRMDnzVhA8mcIQHfDIUFshp9AAyKBwCweiMDJhotAnE+fv/ra2r5YzadABBIewKJoGMGqCxZAOLCRv/oDxj9LfB/BqPr5wNsgST8O098/v0bjwLysCb+AYa4/vzWdwQBW/z/5V8JAYMMgQfsOB0H8W3FBAClpvoD21kAkBgDB14g3wSa8c8DLNIBALLsqQNoAnz6V3xJAYZPbvg==
轻策家常菜,LLZnv8WOc8A6Ovc/lG+Bv2lW9r94yhzAw8i4vxWkasBSu0dAb0KZwKXhBcGPC7G+lFKfwM1WScDCdPC/2mL2wFEWnL/MyStAC5wAQQPWIL/L+w5AWjgAwGxToj+LV9E+eiOKQRxzlsDLJL9Af3BkQGNXsEBmHt8/RQ+4wHUkoMBsT71A4ZyPwOBd8j8O1gFBhKR8wLZAM8BPX8U+FaIRQDxi5b5M+/PA78CbwMwgAED2BVi/4qVXwPoW0T+Q65rAh0BWwdY2Yz/9JDJAWtq9QAKzEEGxVR1BZOdvPzqSbD/2Ju7AI73nwChpAcB+47lAwX+JQHGulkClQFxAR3d5wA==
雾虚草囊,mId3PtTUkcCojE3ATumSPdwqiEB4VLY+T89iwKmmd8Di0JlACgtmwPWMEMHZB5I+nwGJwC26aMBU22lAu+0wwINXFkD29qpACe8QQVFSLcBw4WVAzlvMPnBpFr76wiG/okP7QH1ijcBmYtBAE9eaQPN2oj+rASm/CZPNwGiSyT6INdJAzPKnwCVhnUCupgtBDJ+NwO4NJ78fQwNAJzaEQF2mpcC77E7AQwEjwObIjb+llFjAGhkJwb9mJkDc8V5AJDX3wHChnT/SDVs+wQOHPyB1I77bk/RAYse2wLgFyD+nWwXAEfnGv4ILWD7Jz8JAlUSlQHZmkL7el7w+VdOdwA==
宝石闪闪,Otp9v9kEO8BmOEy/3fYKPzoWtUB9LIVAibzFv1aIOMCUyoFAGVgzwCYA6MBfMg2/61SvwNqiF8BIfQ9ByNOMwP7VDb/BPHNAWX3/QKddAcCY8v4//7aUQJwcLT/MFAnATu4/QRxFLMAqIptAi0VxQC98h0Cw8dq73vOCwE9tKsAhnqVAIgVUwBCwHEASfMtA7kZPwEz5VsCk5xZAX/EnQLUQtsC7iv3AkEiBwOYc0j99vQPAavmAwOTuuD9bsKVAqUkmwVC6R0CN+XE/xlifQAVdkkBlnodA5GwCwM06gkAT9My/oA6AwG6KBMDS0opAcetOQNOLLMBnJkZADzMtwA==
提瓦特煎蛋,VnC6wPYuTsCYfUhAfvFqP04M4T54PHVAaF4Tv2PpHMDr1ck/sKdxwFM3q8CbBHfADheGwGtz7z5U2QNABGASwV9fIMFsVwo/zs62QKNqez9npjc/pCCJQD/Sl0DU3vK9euO8QRp/DcAywANA1jreP2ayFUEH50NAp9tNwPfyDD8WoH9AGB7RvySxAr8oXY1APA0awIgp+cDAqcu/c0zZv6pr3L9j5RHBKhBhv5sf9T87CTJAu3oMQDt5FcAOEho/a2V6wRp7CkCES6ZAdrYmQRryN0HYRVFBZiuKwP9tmD8QPBPB38CQwesFwsD0VnlAeEYZQE6JG79cv3c+Y+YwPw==
唯一的真相,9OEiv8zrLcAIIwE/7behP4zjrEBmUcU/ZH/DvppmL8C1AhZAkvVdwMxCtcBF3Y/Am0g2wPwwmL8N9hBB+3TBwIv9TcD+BmI/hwbIQBEeB8DYBOk/5QqeQLWfbEDSVDQ/SjCJQf16QsCA/YJAL2gEQOfFvUAWgF1AtwFowM39mMBtumRAl8MbwN7fpD+C5q5AeCUUwDXGCMGMxU+/6kM/P/BpoUB+UAbB2ucDwX3vnEBkSoU/LtyywKRLwL/8d4O/Dzk8wSZbVD/eDpRAXUreQB/uKUGLIkBBIh88v+J5BkDvBhPBn44SwTDQh8B554RADgcjQOus6D80HoZAzvrVvw==
炝炒肉片,wvF1wAiRMsAH+aI/ErFPv0o1+b9f3gVAFI/XvkK3K8DZEC1AIU1NwCYa7sDsG4o/5BBhwB4vuL/4PdA/hdrKwOWN0MBuSgBAIfD0QO0RUD8ubM4+yYZMv/TrrD+cJhM/3oo6QRNRA8ABP1NAO2MwQKzlm0Bbsnq/TTWLwM6W10D4e6RAYR2BwP4t3z+SMMxA2pBFwFTHuz6uXYbAFSEfQMgiM8EEfKjAJhFtQIC3ob/n2Yi/1WuVPvn+zz5w+mk/12AUwda8ED+6a5Y/uRvTQMeopkBt6gtB+CGHwF6SPcDzoZjAPP4BwUZYccChrIhAsR01QMskFb9BF2m/pNtDwA==
四喜圆满,xF5sPiItVsB4S1g9sitXwGBXZUDYyOE/rrAGwD0ENsDvindAQ3RJwHYmEcEh2G4/At6dwHjqW8B3cVtA6KXLwL/n4D94ooRAtAMaQbvHlr9llRpAPiyaPht8yr9uHlS/PrpqQRfiUMCYCrRAB0qCQHuXlUB36fC+aEHFwOjgKz+lFM9AcOeCwBrAUECyyQlBpuFowPkogcA+qp6/I8V0QKKq0cCjgKXAHsDev5I8vL9GXD7A6w7CwAeEMEAENApAC+9bweSFAEBOAIY/C9WkQHP/9z+grxxBSdSsv+DwUUB7e0bAFMOPv/CsubyAnbFAr6aJQOWKVT+HmQ9AnSyTwA==
学士的书签,vBAJQHtsxcA9+mHAsntNPwtO+D8mcSzAdt2OwGW/ucAjWMZAhurCwJQKG8HrxDDAm1+qwFdkp8DcDJxA4EKWwO//hcAUO3dAdYwfQZ274MAqUrtAS8uOP8gVUD+D6Iw+qwNRQYtatcDgb/9AY3SkQGJql79un5E/oBXHwNJkpL9ondBAdlvQwI87lUD8dhBBswaewP6+JsBxroFAFUdrQK9pncCfoGzBpMgqwQK/ckBxTRjA91tFwL7YpD+KuhlAAMQKwdtv3b/2OiJAvZO1QJbkE0E6+J1AOdh9PzhACkBESp/AgJn+wOJ15r/OL+VAZYu6QFsIZb9tP9hA8AOfwA==
天枢肉,5lFVwM5dVMCScINAALg6wDBqxsBkWoA/5nAcwPUlCsAAVyJAgWpYwLcjAMHsRVdA6zf3wHZt1L/sAjnBwpkEwU+nB8AxLT1Avk/qQCW1M0BArLM/BKyowDU73r8dgJm/vBaHQY4eX8AO6GtAI0NnQHmjxEAlxGo/soTLwNjxA0HWhcVA9JxNwASu6bziO+ZA+6ydwHZsAb9bc2bAvnnjP2nHgsENfmHAImhbQADOAsGmBVq/HVDewJ0QNEBQe1c/Ln6AwVRTH8Da1AZAIm2eQG2InD9Gf4BB/qZbwIOM1j8lUUHAoKvPvzyag71Er5lATeeLQON3bL8FIwzA1YBIwA==
蒙德土豆饼,VOmpwAzhPsChlxZA5jMswFE4RcCYEx5A4TqLvwEvHsCkIEhA1YEzwN/cAsGAYpU/f5W1wNLhlL9xS3TACQT5wNgBML9Vm09AsX4JQcXG2j83mUA/9TrWv8heGD82Dia/6dKCQRzVNMDl7nxAN7stQCoK1UDSLog/LeGuwGjNc0AQlcFAkaqHwA7qBkDrD+1AIJdjwKireb4EjUq/GamhP987EMHTQZTAjwB1v3rmp79YrXS/5gMLvxoKuj/8WdK/h3N8wcY2ET/FmjtAszUDQaXjD0DIfxRBlO+dPz5TTz8p85rA6YgGwUDR5r9yu59AfBZtQBuI9z8b8CrAcYgqwA==
特工祭刀,/yGFv9M1jMCPVre/DCKiP5mWML8UrGw/uZdTwPkMfsBeSZBAkrh3wDT/B8EBnTw/M2uowB96NsDyGbq+7eSUwOlL078I0ohAamwFQaYAAsD/clJAcfMIv0K6Ar16u1G/ApIeQYLEhMCD7qhAQFeBQCqIHkCCS3g+Fgy5wHQQyUDRlMlAmV+JwOqUMEDRnvxAa2OUwGrPmD/X1eU+NWZLQOZGLsGDVrHAZlpKwOtgX8C4eRTA+aHEwKjo9z96T6NA1xULwTh9B8BElZA/eCJAQBSlNUBppg9Bi4eLwEtjrD/7Zx/AEwtgwMDkpb/Vy7hAqaeSQOnPRsB4D4I9c8iLwA==
千灵慕斯,zIXCP1DE8cCAlUm/vkyLvwQ8CsB+m33AOcS3wDm5z8DsHKFA3D3jwMO4DMGAuhzAEc/UwJ1eWMCAPuw6gQiYwFqlFMDOBVNA4ucCQXRBo8AMX9BATEtmPgFrjT+wAmu/U2GqQVvl6sDWk8hA7m+iQFM/Z0BVxQNASK3dwOGNUD/iPtpA9CaPwB+6DEBaCQpBWA23wA4fgMArmDBAUoOQP4ycCMHcQkrBlr9SPw+EW8DwO/K8+IbHv9BWtj+/q+69ecpfwR5bu791ZlVAU9jxQPwxdUEasWxBTraQwHevEUBgBgXBCP5GweBWC8BmBupAJvHLQBo1v7+FJ3tAmvFDwA==
感别之冠,6s0rwMqKh8BSl2o/HUOJwL/XVMCIAlXAfXfQv6d2HsBCDC9AfFtwwFJTFsEydzVAfJSfwLpKhsAOuV7AMUUYwe/OuD+0G5BAmI0WQQKFoj9dyg1A+1+8wAW/i7/1QLY/2xZsQY8VkMA8q8tAaq+DQIeP20AWyX+9lBHMwGrtZMDQbNFAz0iRwJZxhUCbCQpBtSJqwDqq2T8IU7m/nRlcQKoee8AIBy3ASromv6ETD8BQIgbAHPzZwJL4gkBeZkHApOpPwUbwMUAJKvg+UvI6QN7HgUCUMwpBfPJuwFKfDMD6Oo7AsmzCv+8ksL46prZATg+OQKi9zkB/H2BAWcO0wA==
盛世太平,efaAwAfmfcAkln8/7wxrPlMftT9cPJ4/FXilv82wTcAH1ElAZ1SWwEFx/MCkh1bAfTahwGgE+r8iwZJAmQYiwWmHz8D9/z9A0KAIQc19i79UChRAfAI1QAEuaEAxq4c/4mawQaqEa8DDpKtA6zhLQCqZ00BdukRAYJKjwLw7GsBEp7ZACRJ8wPAaIkCJvOVATYFbwPAAzMAhf22+lzmLP13fukCJctHA5PgGwWJNr0CqFTg/XEOywHQiP7/w6/a/8al+wZ73QT/nh59Aj+HlQF8c+0CcGU1BIKKMvUww8r44ThzBBQdVwemXvcCtXLVAOUKAQDflgkCyL6k/iYwnwA==
摩拉肉,AmlTwAMw8b+OO4g/RBBdP8JVb0AnXaVAJC+zPkDGD8C4vfg/vYYewAbzssBQhQfAYfUewMRl1b20iQtBB8OtwMmlEMB7Dsc/bIPMQFgVxrvoI/i9hmGtQIIEWUBVbIO/4XpuQb0Xsr9AjCdAThvtP+pa5EDtABA/ITItwDzULsC7UX1AvVAZwHVqjz+wo5dA84nhv/IemMAJYr2+ONn/Pq5C8b/wMu/AKvxuP12CTUCYyRe9NCisPaRwbb+ssAJA98g7wXZvk0BVAiBA4Xf9QMuMvUCmu+tAI3L0v9bqB0CwFLnAQoclwfTPi8ClJ1BAwiLPP+NMYb/t34M/cIxevw==
雾虚花粉,Z4ejv3KxbsCIdwbAO67OP78eR0AczN+/bdTxv6l5IcDhW0lA88pBwAZj+MDP94u+Npc1wEuPZcD7B2Q/wnZxwJUD/L+ThmpAtlP2QCPPP78koAtApYSyvw67mz8FI+I/YloNQV0qccB6J7dAEmtYQAwQP0BsBq28UTaiwJCYB78LDaVA6R6PwE1ZgkCeYOpAuPpIwHR8874kfDA/w3diQA0Th78b8fe/NUmiwNw0Cz6bgQ/A05L+wMzjAUAhXks+ppTYwBp4pj8xUOw+81GRPQadGECQY/JAWcXQwOZLPr+dN1vA/RuPwMgtOb/cy6BAEBJ5QEWCNkBjsIU/cqqRwA==
串串三味,gLzLu3ixk8B8Rpg98rN6PxugAUDATqs/auQ9wJrIhsC6vmdA1hOXwMLf9cAKPzbAxrKgwEg6FMAk478/G3/DwF+IdsCW/jZAr13zQD4NJMCMm11AFGY2QEKswj9cggHAH6+YQUEZkMCD3aRA1KyFQMwBv0DXWSpAZJe2wADQTcAtbbRAoW9jwARE0T8U/+tAjueOwC6e4cBcQ20/rC2sPyUyhcB/nyHBg9i+wC4MkT8gmnE8F1Y5wMCBh7vqjHpAAFRTwXFBJz4KDlBAE2PdQI8/7kCAUj1BbIEowFaMhECbVb/AR6cVwaCXuL9XJL1AlU6RQIUsC8ARPX9A0LoGwA==
老兵的容颜,1oYKwPZ8Z8AKxFa/1X6VPy7lTL+gPa89uakZwI2SSMAg/khAqTJ8wCtKysDl65nAHqpywGV34b+P7DLApzTGwF9TAcHrWJw/PjrPQFpdP8Cc+zJAt19cP25PL0AGUFW/yqFUQZBMZcDB2YpAPiUvQDjHJ0AW3Y9AkdeCwAhIGb9V+n9Ailh9wEuC0j/wArhA0CNzwMYxqMCaJBdASQlvPqIBHcGgj2nBMQgFwT2JAEDC4Io/02eDwGQU4r+QgaJATrIAwe4ZV8BLZqNAHUDvQFgqx0C4jClBhv0yvxaRUkCUQbfAyqYywcI8/b9JvpJA5mBhQI8Cc8Dwno1AkUnJvw==
祭水礼冠,Pu8YQTYRPMH5LtzAVrbrPxxj1sBkrUzBSuQbwVU6MsG4+zVBbgJEwf4sfcGK6RRAqNsPwZ+vM8EIVrq/9gUgwIWYAsG6PO1ABlF4QWMOQsE64TNB/rPrwHzAEsCsOg5Ag2qCQRhMHsF41l5BDc4GQe6BOMG0xn7AJuYywRodnkDuPjlB4FpgwS5zEkHKyGtBQpANwehXl0DcbkhAKBkQQZRNTcGQq13BVV4qP0AoNcCKHN7ADnt4wJjx1EA02nnAmsY9wc1VcMA4t22/RNljQJ7PXkEy2jtB/JejwFjFDcGdE5DAnOP3wE6rTj+u2jZBeBYnQfEtib9YPadAOuM1wQ==
灵光源起之蕊,ND44wKLqYsD0Une/0P66v62H8j8ATTu9GowDwJlOG8CDS1NAb5xMwBBh/MDHQQLA4Gp6wBpGFsCDXkM/RwnYwChq8b8KtlRArsH2QC+qOr+TOiZAtyyMPSiC1D9CnC8/E2I8QTyyV8D4jKRAUYxOQFL+k0D1bBhAn1SlwHiyj8CSkLVA3zpWwMa/REBicvZAQ6FcwC5qT8AyJgJAjhW3P1cUEMDYzvDAEnSZwKDIvj8OtDi/n+MJwTDBWz+isAJAlzwKwRGzEkDKUjhAZpl/QCNvkkCnOwlB3mGewFWd8T8GebDAlJydwDR4DcASGq5AVGCAQJnIzT8dg01AWTJUwA==
地脉的枯叶,9aqUv0xaqMB10knAs31Dv/xHt0CwsS4/FXptwGvjecAZrqBAktOHwNikDsEwefu/4b2TwBWdW8DkGvRA3RKcwG5W3z8yJ7BAT5kRQXcKPMCg7Y5AwmU1QN0t3D+tELm+0idGQSNOn8DPzuBAz0WiQG3ilUA2pow/ch/IwAIOHMHs09tAK+6DwF9XoEBlGQ1BzxWGwGhMe8BCon1Az9wgQADen0APCL3AjP7awFlQr0DZkQHADQPxwFqxyj8o9ZY/Bu4MwQK/j0BuJ90/RLwvQLzUkkB0X5tAcBaGwAANNEDXY6PABxihwJrrB8B0BdxAXP2uQN+XZUAe42dAmRZuwA==
遗忘的容器,OP3Avutwg8BPUU/ADCvBPv6BqUAkOx1Ai384wFUtXsCwPZlA3FBQwMh8BcGoLPW/C6eRwN8cS8DcYMxA1T2VwMTwK7/5eIxA/0sLQUveZ8AVMGBAyMBMQAykKj+PKuq/baQTQWfBcMB/TctA1y2WQGjiDUBBins/EDOqwFSDl8CSn75Aj8iRwOiDikCYIPVAJAGEwDxAUcCGKH9AvVY4QDL0aMDEQhrBr24ewVTZc0C3vgvAEC/SwNRNgz93nvpASxLxwKVP5z+Gbsc/MpZaQENQgD+tuVZAVwzov3nlnUAJFwXAuyxJwJAgDb+8O7VA5/uQQD4gFcDTP5hAm7ZgwA==
丰年有余,rQPmv3W8XsD8Tac/zbrgPyzCXj/Gv6c/v9jQvxbaV8CvASdAW22HwOmq1sCk+f6/8XaVwEfQg78iNy1A/lPtwKJBib9XzBBA647UQNvITb+8jus/upceQGPlEEAiHX2/TTyGQQyzgMCDgoxABG1LQCCo1UCfbjZAcIWlwBd1db4MnKVA4QhDwEJZoj8IZdBAmo10wM7iksAZy62+X8inP2q7AEB7FJ3AC/oGwRAwzD/hPps+HafIwNfPv74A7+8+bSNRwaBk1r/BPmNANTi7QOoJ10B8VmBBQNcFPVMlxT+OZQDBZuf6wIb6bMCKvaFAydtuQMVvQT8HfjE/Q+skwA==
爆炒肉片,QO25wHe2cMCl0IZAWIhywLfKDMGWhwRAd8XGv5ZXBcAn/jhAPXVlwAfsAMETSIdAL37cwH6P2r82kRLBSasHwT2WDMG0nABAPQT4QGT5hEAoCZ4/2wa0wIyfTr8G9jg+lxCOQU3j2L9uIgxAtOBJQIWn6ECB2pe/+DWlwEz/jEDQNb1AnG1WwBY8hL6Wzc5AddaAwNq0VT+zkaHA6NZqP7oYo8FBddvAnKNlQVHS4MCW9zC/R7MuQBNEJUBMF++/RDNywXWoSED2M5g/ozbxQCero0DvFDVBJGr9wP2B8L85SEHAysbBwLi20b/0+5JAWJhrQClhEsAjKHE/VdEQwA==
学士的镜片,rnN7QI9lIsFcA5DAVLEJwEjwdcA0qQHBJCf4wCDaEMHo7RJBEI0jwQqyVsHYB3a8Y6LxwBsr68AgfnNAsBezwGIIo0ASMvJAZhlWQTSQ+sDomhhBmg5dwL6uJT1xmY4/2JyJQWRFHcHOwjdBbyz2QIcqjz/lLqE9OPsfwQjYT8GRvS5Buf8NwbYyBUF0qFZBlovpwAkypj8UtaJAeRmOQJ7sW0BjezXBhwqev6aDtEA3S2bAUHLtP1ffj0BdKzHBCQFuwbqVE0BEGPI/0fu/QN0HV0ERjoRARrmhQJLrHcCOkBjBd3XawFZE078tnjNBEewVQW98+EAL4NtAW37+wA==
猎人的胸花,SH6WwFYtecCZLv2+gImjPrVSYUBQatA/VM4LwH9OLMCsOGhAi9NlwMnBAcGio4LAfVSqwGbqFcApUQxAstkmwbAiQ8AjJnJAXa0GQSU7yr8VWCdA3Hg6QOCWKUCjw8M+PmZoQaaXhMB63rxAiDKEQEIVv0B66YJAiMWqwFIROT8BwLVAJy1wwFsjY0DMkOtA0u1xwGpqqsCZbEpAfe6XPwxvBEB8owLBwOmcwdxvZ0CIDgg9I4y6wI60Bb4c73hALQc9waDamr7XG59A3k/cQOMJtkAw59NAGuzTP+R5LEAiW73ACBkiwa11lcDr1bRAKHyNQFniST/WyDlAoVo7wA==
北地苹果焖肉,E+STwDatM8An8GhADlyFwGgESr9i0jVAM1qcv4TY4L9W1as/V/YswGEPu8BYU5q/I/23wMgQJ79UH9S/hn4AwRBfGMDnGOA/5tvQQOvP3j5mX7I/Fw4RP8xNuz/+7wO/LMG6QWVvJ8DyiSxAVnICQEjt6kDj2RlAZ7x0wI9FOr4s34ZAtxPrv0wQSD5rEptA1KUfwGE11MDBcBm+eCIYvx7e2sBuixTBYIK9QN67TsAIrW8/xxJjwCBgJT/gB5+/zMyawVVgC0BPRZNAszgLQRrC4kB3RWRBQRhCwLDQb0BwL9bAAbgjwYwKFcBlu11AcpskQKV8MT93l0U/qR6uvg==
侦察骑士烤肉！,rFJBwOf7pL/vnpQ+USb8v0QNej8OxqBAdO/pPlu3AsBjfxRAvsixvyrazcCQWIM/zEUPwKSj/72k1ZpA8Mt8wK4RmL9jkRNA7dfnQPfZ8j5/pCu/v9V6P5DDJj9fl4y/l0X/QIBeNL9QvCFAdlERQFBLikD3G5q/VS9lwIBttkDiC45A0vhgwFhNCkCW161ADysewGByaL2AJXDAnHEJQDSuQcFbJpbAJluWQPr/974uCLq/iDYBP17GCL6mbFlA/oUMwcX5vj+FLno/YvnSQDMPGL/bktdAJFojv/gcbj7LajXAtSedwP6m9b/TnlBAGkQAQDm1+L/ur4a/AJcNwA==
杏仁豆腐,WkUMwLq0K8CHBQJAckBaPziBlkA9oog/9wQ7vsHo/L+Rb5U/MGxhwE+XiMDkE7XAaWVOwMBMFb/eVNdA5r7vwCwur8A0z7i9ytSgQEYAdL/c+rs/7SKbQEA/jkBn1XA/DUmxQQbILsBlzz5AQPOjP/Rp+0AZsZZAoGUuwPTk6MAncSVAFNi0vxbihj0ETHtA1CXUv+4KLcH4YUo+F1eFv3T70EDjDxvB7p/BwJAunEDPwh1A9rqmwHqsCsBqS0nAnC9pwYAUqz+aKr9AbsX6QCIqTEHQBWpBVNKPv7gFL0DQOijBzr9VwfJknMCiHVpAG8IEQEQwLUBumYlAMpZPvg==
星蕈,QIppwJ+277/KECu/ShiYv126pUC3MjVATE7ePtxNMsDMuSpALNwrwKxh2cDP35vA9fTSvxS9M79KgwNBJ33rwBv7sb8FTdo/RHf9QE6xw7/GlNg+5kucQCU9RkAaaKo/S9FHQSSQDsA2gIBA504RQOH+xUAQr0BAbPpkwFrHLcDdVYtAvy5ewAhYPkC508BAp/YNwLOh1sBsDxm/+MN7P0iga0BYIgrBVKAnwUgu/kDoARk9+p0BP9hl5L/KRd+/jpAcwZiDCj8YM5NAt/IQQcUrtEB7eqRAu7P7QA6nH0AEtgDBzztGweAYsMCUjo9Anz0gQDKxkUBCJ3NAaNL5vw==
地脉的旧枝,7uiUwGvUPcCmiei/MqaLvWSEZ0Do3aU/ga/Rvw9Zdr8PmC1A2GOWvyfW68BsS4E/74VewHhOEcBtYQG/z1qXwIo2Tb/4BpdA2m/pQIqsD0BDiH4/OX6Hv2ABcT/D9uo+OxjTQHJENcBZU5RAsYRSQGHy1EAyt1o+W6eZwNxd2L8AuKpArMZJwPUihEAaqdtAoKs8wGqlHT8AMgA/25odQDX/k8DsOc4+lw8fwHTUYr5qmADAA2b/wJ+oBkBuGjRALdHNwBLGPEAUNKE8LNxvv0jPHsDtP4pAzY/1wIwqyj7j956/iMKcv9jdEb8trJFA8Y9hQHZjKkCWl7u+D75ZwA==
雾凇秋分,lNcUwL9a8L8E6Bq/Oax7wGzYx0ATXbNAE5+Fvwo03b/JajtAb6y+v8r63sBX4+q+G3GKwKbWvL8nOwlBlGyzwNUHGkA2JIFARFMDQYdVer+WRJg/3s+KQHiEE7/3BBLAP3lAQQlYu78PqXVAzUZMQLSQs0C+/nO+bpR/wIYasDyK7KFAA00uwASETUCyf7xAVMEawL6vh8Co7Qc/jH8ZQK3A88Dx1MzAOhYMv0SfIT5U9fK/DqqHwMn+nj/IoOJAd8JKwb8kaEBKjKM/iW/AQI8IWr8N1bBAttMKv0BAn0CnlOG/u6IWwCikvr+2dmhAgDYtQI3F/7/pQdk/MSwhwA==
鸡豆花,w1yGv5Y/hMBrlb4/xoi0PnxgkEBQ+PY/Yx8UwHZmVMAeWyNAxI+JwGpercAEVZLA5sKlwNzxlr+AoptAE0bPwFivH8DCPMA/dt+1QA7pHcC24ExAw8e1QJPoUkA+jra/hn62QfRdg8Bys4NAmM87QMyo30DQZHpAQviBwM4P9MAk/IBAJ6nKv+BKDz4EL6JAwHVJwKtIIsGrsENAA9RfvwKxNEDIIjDBhgCEwE70/D8DrOE/nmi1wGjYV7//Jo4/kmd8wdjYK0Cer55A9JHtQCiiOkEOoVFBBLdzwF9RuUArfPvA2w41wSR2Q8C4IpFAW95hQN7yJr+j4IJAPiRAvQ==
黄金时代的先声,4pvTPtN+s8DI4HPAyAUuPww/vUAQ2oK/OlRwwLPspMCIXKpAno+zwLXAD8FRRaHAJwp3wB5WbMBmER1BniGzwMCJaL4qYYNA7y8YQdtpvMByOaJAnmaQQPhCNEBxQQU/q1tlQcryssAimPJABvyZQB/lCkD4sCRAfQPMwH04psDmr8tAyKGywML8qkD69AtBdhyIwP4vwcDrnIlA8yghQA/rt0D69SbBfO5EwSR9zkAX952/pkS+wMQV/j3CDqQ9O6IjwQRw8j5523JAEPS6QKz2CkHMIAVBxeAwPydJBkBe6P/AojAnwWYQWsDIO+RAOx2wQGQGJkAAVY9AcHF6wA==
夏祭游鱼,IV6KwLymccCa7j++4oG9vRenQ78aCS5AMAUGwPl0NMCHtXRAJ20/wHHxCcHcpMA/mcW9wAIAzL/IqZq/z97kwLXOf8B6M5ZAi5ELQZEcyz9u7eo/DSS2vzRCGz9+4Qe/O1pKQbjMUMAD4ZNAlg9zQIBIx0AuLSe+f565wAIxjEDlAdxALeB+wETdNEBwgfxA3zGJwHAhNj4PxhHAa2ggQBt/3MDnG6u+1wqhwImCl79Xkr+/f7bGwFLtuD8AIYNAjt4cwSzccD+IZIY/QMV9QIwZx74IugRBuWi0wPjTUr7chmvALkSOwGKBJcCOx69ATEWMQKrzrD4lO6C/OLl1wA==
祝圣精华,WKRLvjCiz8CYMlLAebQVQC+y1D+NzDHAABOYwMg8usCe4bpAIKXFwIgfIMEtBTfAkJaqwM7soMDFTKBAB9zWwBXQS8Dr2ZVADK8hQf9BtMCIw69ATrQFQD8tCUC+mpk/q0FkQfOjy8CWSwRBlz6hQMEQ3T/IItI/DBXQwMzlOb9sb+pAIYO8wEAzn0D9NxhB9jqcwKuv2b/3hYFABupbQKqxBz/85irBkHxtwWkKWkBIsQ7AHzmYwET35z9OMBlAtZIYwRxzSb8jhipAkVqwQNDTNUHfDKJASIDAvb9DIj/bRL/AKGEwwe5TjcB7H/FA3AHCQFStfT5nqpFAJW2jwA==
岩港三鲜,okh4wBzaG8D0I4xAU0ucv3shuL94JYe+bD7Hvka5rb/gS1M/OhlFwI2nj8BM6wXAiHedwGB4Kr+720fAWdgDwcIRxMAls7y+V1GLQIUJDEBvuHg/xKAnvlqWMUCbn4U/bXmuQcmqCsDWXPQ/Ii8sP/3cDUGzvGxAAFMvwIEWksCJ9DZA6QtLv0iJ3L9rT3pAKl8AwMxB0MDUhpa/IILFv9FMh8AR6xXBmAAkQHMeor/h4g9A5B6MwDwGx73TVH7AOSp4wXm8AkCyEZRAv2vrQHCbQEEGbWJBXGqPwPwcHkBes/PAXwUhwfQBVMA5cDtANVn4Pz8xmz8uzmtAYk04vg==
满足沙拉,/GejPrr2g8AH9oU+5XHoP2cHGUBW1am/DbOZv+CpecDUnjNASzmWwBeUwMCDnpLAY3ZfwAKH1r9fhPRAu4rBwIWwOcDeHm4/1J/QQGIjR8C4GSFA+CpKQLo6WkCMjJk9Cp6NQQDEk8BftJZACbdBQIpss0C7/mZANWOLwKRLmcAMHXpAWXhhwIs+2j8SkL9A8udSwMdayMDnMdY+fI8IP9ZwbEDXJibBgWgiwaVLyUD8gp8/dlJDvpaCvb/602XAJx86wUDym79DP5NAJxr+QOmfU0GfrilBkB+CQEZxcj/UwR3BS806wWIke8DWjKNAMKpiQBf2J0Aj+7VAIsL2vw==
四方和平,EuFdwDjYhsCQxYE//SKmP/Qyor+CS7Y/PT/rv1tCYcA2LUlAWYmYwNHu8cBhKznAj3mfwGvixL/WzLQ/7nULwclvu8CDmCFAwnQBQQV+g7+rmhdAHwv2P5PoREDaX2G+mn6tQTZWZMAZY5FAubVBQDJO1EAfF0BAZyykwKFS6r+7I7ZA+Yp4wPVR9D9K391AAJlhwKLTqsAHl9Y+HmwAP5wKy76Lwg3BjO6kwCtxG0CqVS8/IKvQv6TkKL+f8RO+ixeAwcGoJD5r4pVAiV8EQVs7A0Hw6FdBhjs1v74JVz+CMw7BMzNZwf5ChsAWSrBAWgp5QHSZQj4DZfA/VAcBwA==
咚咚,NvkxwA3Ujr9Ylxk9FmBZwJogFUF7uLRAkhi0PdOZRb9TKzNAuMZGv/Fv7cD3xLu+Rb6fwHYKKcCTNgNBm9LjwPObsj9eQYZAQWQLQbuscL6sa2U+s0acQETYFL/LM8W/DCE0QbZdXr8KFpRAkKlUQOeWqkB/c52+MeRbwCgFG78Aq5ZAahAjwEZGPkBc78RAmxXwv3EOkMDyAwJAxzhJQJsBhsANmLTA5vQGwbfNqj9NpDjAFpnlwM2EGkAU9epAf9Q9wQSRvUB9wBE/i6GaQN605b7hCKY/yJAyv+RsrkD/F+A/7rQPwNx1279xZ05ACQoRQEwtF74xVEtAbW9DwA==
三彩团子,Z96twMzTQsCsjPY/G4PMv64vxj/RLXJAuTq1vxqK7L/cTtg/cZ0lwEJlusBqmynAfDWlwL6ALD5nahrAXAjzwBg7o8CNARBAhCbCQLnraj9gQ60/q+/jP2IHLUAXWpC/kCGfQYC/NMCdKzdAQNEiQIYR+UD1wUxAbaaHwELZpD8IDY9A3pHsvzyMOj/WHqdAb/lNwPpE08A9nZo9bEQ1v6yzRsDhYqnAuVYxwLo9l77e9NI/sQakwPDAjL/YAz9AvxJqwSwPqD/v7ZBAgT3SQAMfNkDQvU1BtUObwHzSUED28sPAM2g9wZRCJsC8mohAsl5SQGXINT+YoKu/SJJKvQ==
混沌回路,BgRQwG95JcDCxi2+wQk6QN+AtEDGvWlAbMP8vm90DsDVyUZARA1EwHpi4cA6HnPAq55lwOwdrb/mLbxAyYUFwcWSpr9BGVBAGsv2QH8Vg7+UwIc/gLySQOfyXEAG7Vm/WolfQc1KNMB3Z6BANqtEQHqlmkC3CFJAKfiQwBz2scBLsJtAQxBRwJLoM0AEEthAXkA1wOk1u8BJm0JANK6rP2sXQUFy+orAX/OcwbBWCkG7CJ6+iIfzwMhOhL98Ybg/Fe8nwRzx+j/7vndA1fujQPuRAkAD8NVAzPADQJa/PEAJyM3AVH77wHi5acC5cp5AshhOQBuuZECpKNc/E1ItwA==
连心面,duCjPnh4TMCorak/Ggkiv5timT9UU/w/zk5fv5tlZMCE5TxAjLaKwKPT/8C+Qpm/HzCBwGmwE8Ao16lA4e78wMrhCT9rlCRAujsFQQ2wx79w8QdAe9fFPyZmhT+W4XS/MO+UQRiRRcCRopxAWVxzQMJgvUAI2fI/ity2wMNe+sDhq7ZANzZdwO7iwz8UGfhAX2tawHU438DEwBG/5075PwcJMkDEOwnByzyawIL+VUCecFe/aKGdwOwMEj+gzPK//5FvwUbbLkDq9E1A55/bQL/fs0CKAVFB2bvQP/rAZEChqevAK46jwGiErr8eS7JAGfRuQF/b/z/NFrtAalFSwA==
黄金之夜的喧嚣,V7MFQMhXs8CfTUzAU5OBvxmZmUCYedO/IBOKwG4EocCAJ7VAQNitwNICHMEIZEHAUDm6wOLYm8DibPBAWSWxwBpa473i4ZZAuaMlQfum1sAg96ZAZVw5QPijZD6eqmg+6EdhQf6EpsBFDgFBl56rQLhoCD5yOos/XyPRwBLnqz0CDNJA6Oi/wIwPrUCElBBBkK+fwMrHi8DcADtAVmGCQICoyL9oXDHBjn7dwM9WVkBzaiTAfdUvwOCC1j80G00//DpQwXm+bL84FjVAiSm6QEAS50A8iv9AUZBwQLFGAEBAH5bANU3awAYT7r+vYN5AOXa2QHCYlD+a6I5A+I2dwA==
黑晶号角,Ivn5vo16cMDVrUbA7rzdPeoQ4kBjoSFAu9QrwOsNZsAXq5FALUxVwEK+A8HCWwvAtf5LwOKwGsAIV/hA6h5KwEQpi0CFNZNA1c4JQTYjPsDvvUNAWBFyQOZhxj+S0lq/3yX/QPZGaMD0srhA11aEQOIjDkAHBnU//FezwEWrlcCMG8BAm4iQwMr2lkAIDwBBohppwPDBVMBMunFA7Xw6QJRQGUCJZp3A8fuTwAaXZkDQ9yXA4BL6wC4tcz9YQaA/xooIwSniK0CDWug/5dAhQK+D+D1LOthAKMXTv0BVXkDsM3TAR2p7wMRofL/Uz7lARJePQKMdkT+YXlY/m6B4wA==
督察长祭刀,1/6Ev2ItgsDJmCPAJH8FvX/7OT/EkRpAhWdVwNeKc8CJj55AMxlRwMWtC8EXVLU/b8mWwCejNsCqYuE/32o4wAyYCEC265hAuXYMQU24BMBuvU5AXDwWPmRr177FpM+/mOnHQIFSaMC+da1AxS2LQGE08D+zse6+ZVi/wMqXwT8EUtFApqGdwKLddUBKFAFBSj6MwIC4uT+ACfU/0HleQLbQP8HN7sLAhTZXPwqeQ8COwVXAQrbuwGr4IkANqLZAKvzuwNYrGz/9urU+khIVQN9uy75Df9lAVGOywMg+J0ARXmS/uFD+vsgZZj3G9bRA+U6XQHb5e8DKQJg+03qKwA==
来来菜,YpgJwG5AQcD+bOM/yNvhPm6y1kBe9m5Anbmjv/b7+7+8nw5AsyAnwJANrMD0yGfAtUO5wJZKqr+ADMdAh/bwwGgNSMDf7NM/oPO+QC25k79CDRRA9rq4QPXbCUDSo2G/AU+lQcRqPMBu8mxAB9wwQIO76kDOiE9AsHBZwPJrq8Ci/WpAyGJ4v2XXuL2lLJtAckwlwEkMI8GOL+4/omz7PaEq4T9FTBTB8qD4wPm0DkDVdoM/tWkUwS77Xb5ebGhAnSVowaq4D0AX04dAVCrDQCZ3B0HLuSVBWhJUwGCb4kBXT8LA8ufDwIyJZsB5+HBA8PxAQFULvL8PeqVArKIRvw==
「堆高高」,0Oq1wM9GTb8QQvw+N47RwNhdBEFzd5pABEdAPZ3OU7+SifM/ZkTbvhJRycDCAl/AEqFwwCzIij2AQp1A0kEAweuEz0AgXk9AwqnjQMXjDj70Vny+0kKbQFARrD82Lwu/vnAUQcB/8r8e129AUFcxQAaUBEE4M2JAuA9vwMyvgT6C03xA5rzDv3JbOECp9LJAnwEJwNmRycBN5ck/RcsTP0r7mr+6F6rA9lUowcCxNkCMUKy9YK+dwJ5eWL4Ce+c/Fiw6wdFhNED6xYVAf3TtQJoR2L6u+zVAHp/jQIje1EABQj7A/l2pwPQyT8DIDmVAcjYhQJT+nUD/Cd8/h6KYvw==
大英雄的经验,/bWQPzAhcsDBppDAEkwrwDRCoUBwSOI+aOl7wHYXbsCdIqtAIfArwKIHGsGfofc/ly2XwPYakMCItRlAzDGCv9n7uEAWmcxAZjAjQRofW8BZolRACb2Rv/q+KMAfRZy/1X+ZQHmKcsCFCeRAmLidQGNejb9ivRnAibrJwBgYxT8Gt99AbUjFwOC6zEAB0QtBzb+QwOKI1D/pnClA0vS3QMSkFcEX8CHA21orP6mtHcA/hLHACcELwW/VhUCg2ZFATgv3wBnCuj/S+6K/ar4LP1YIr8Aw/69ABdQ5wDYLJ0DTab0/wx6eP/twK0DAM7RAghqhQGhN5j1U5ig+u0DDwA==
祭冰礼冠,lEBtQNCF+sCqOoTAzATTP9pUNMCsTKHAuvrMwIAk5MCpLvFAeTH+wDwrQMHZO8s/hSHXwODd38CYWJm8eKdwwNhahsCi/MNAZqM9Qd0Uz8DARuBA2IddwC5ng79a6Cs/vHlHQS272sCR0BZB94fPQFL0Z8CLePe/wmUIwVuflUDEsQ5B1RsPwXh+yUC0YTNBYkzOwJzJ9j80/ew/EqDEQP8iMMFNshTBm/t+v1VDQcCzCZfAnneXwG6oiUAIti0/gfwjwXB8G8BKLhs97C5IQHF95kA91CFBJsOdwCScYMC8pWHA8N+twD72bL4rEAdBafHtQJWSxr8zUOQ/YBr4wA==
黄金剧团的奖赏,yFstQBTBmMBp0f6/Gpf3P3xIBb/vsF2/gjJAwDSKrcDYyqJA31aswN5YCMFLNAy/AhZ7wJKQbsCIfp1AgNpEwLfsJD9DWi9AvjQNQZHeqcCEGINAx6wOP47sTj9UpTW/2tJLQahHjsCQO8tAT39rQBhIqz3vagc/hJ21wBywqcC7Y8RADiu+wOOMUUDLzgFB+V6EwPKRiL98hkFAO1NFQFg+ncCYk0rBpMpiwO02tz+hISTAxVOQwGJM3D8UcyQ/oWkrwaal/T51kfI/gg++QC3c9EA0JAlBJjgJP/7+/j8+tb3AmCCbwF47Ur+sI8NANLCTQJTqLcAWnKpAiAqYwA==
「缥雨一滴」,ncPxv8DtcMDoAZ4/HzZGQEKqQ0C6lwJAHVK+v66VVMD4Uz5A/o6VwOhz58ChLpjABZKewCrfxL9axJhAKqkowYNAqMDnsRlAwS71QPUR9b8nTwZA1P6ZQLy2U0DJJYS/TISmQYVkg8CqQ6JAxYZUQGcx30BVJJRAtuyowJCblb84hqtAp0VMwAxq0T+sxeJAOEp0wFstA8GD5ta9JwWOPzC480CMc+/AAQOOwdPh1UDkk44/YPSMwC6877+s8NE/l9BtwY2rH8BAerRABHwGQWy1BEFusFlBypmBQKbDEUCe7RzB2e0ywU7Pq8CcHbNAdqZ8QMvbrz/4BSJAs4IiwA==
昔时应许之梦,hLCYQP59LsH26+nAptQTP5sCqT9VtEXBmQEQwZQAGMFxBBVBYz8cwV+0acEPjBa/DdbiwK85GsEK+j5AmVNowM0UkL+D+QNB7JdXQYROE8GWTCZBiq0nwBC1Rz+lrJZAB0NdQZgML8FQQ1hBJwvsQGJNm7+cvP2//IIaweWRQcAn6C9BA2YQwaX0DUHZHmRBp3jzwK1ohkCe/KtAKcfwQMbLmD9uh8DAhTccwOo9wL9ZtqTAp5AIwczkw0AbGYLAedgFwV+eAUCZOnS/K8mvvrWKg0H3W8FA6OAhwXGlksDesrfAvEITwdwvSsDBwDRBfi8cQb+yu0BUSrVA4jogwQ==
学士的墨杯,uG9xQAA3ysCjGp7AAaFeQBMQv0BYlVe/tqWxwJ8uvcDJmM1A1vG1wOYaIMHaSf+/hL+bwN09rcDRrwJB5LQ0wCOQyr+iU6hAUggjQS712sBK7MJAuKxxQAA/ljlmJCi/9gdIQZiOtMCbmAFBMT+xQFNJ976/nba+XefYwONarT9v7+1AbeHKwCgFq0DIvhlBrN6owGaDQcAN+m1AKCOiQDMwhsBsjg/BHX3lwPVnPj+EnXXAajHUwPAxFEBQvtpA6XIewaAAzL9xZUw/OnshQNpfqEDVCgZB1ytWwNJzOEAHoVfAqpq0wOTTmb9+QepA13bGQFQeoMCj4VxAp6a3wA==
海祗之冠,+JStQJ1G9sCW4WnAeLMQQFCBy8A+kKHAcInFwCAR9MC/+vlA7YUAwXJWPsE/vHNA7eXNwMhk5MBlIc6/FLz/vxBMpj4MHa5AVHA3QUTfv8C61uNAWZ6xwLEp3b9OEf+8OnJDQR6p0MDYzQ9BrTbEQCBXNsB3FDTAw8UFwbmFbMDEwxFBpQQRwQYrq0CkvTJBkMjFwFG/i0AmNC1Aq8m+QEdcPMFAzTLBn/CwQOhWc8BV5LDAJap9wOzyskBMwcu/kkEtwSl/Rj9e+oO/FhM6QGvd1kDXeBNBx5iiwOXWvL97yVLACFbVv7RHxT8GXwZB/6noQBnMWMBDOpdAzqoDwQ==
奇迹耳坠,QvMjPzvZncAlsiXAKoKPQOMsiEDQLV0/Cw9cwDOMecAK6ZlA0nuTwHHVAsEqz2LAaXCxwECQSsBSIphAiYfdwIf+6sDa/n1ApYAKQdC1j8DMZ3xAFD9gQMqcqj+H4YS/RtZuQVg8hMD9Ps9AamWMQJNP5j24XeE/B2uxwKrGwkCprbZA+3qkwKjtbkDOePRADhyKwAH+lMDQvNc/P9VHQCwzn7+SLejAc5uDwdZuJkD8zm6/IXrWwC/1lb6gsRZBH1QmwciQYcDQx0ZAm3aOQLUQhEBCFzVBYNEYwGP4kz8AX5rA0aj0wMr4LcANoLRAxceYQMZGoMCaSvQ/tLuBwA==
教官的怀表,3gpYQGZ90MBFljLAaAlnQPT1Oz998z3A4o+QwNDZzcBqEr1AlCzmwLB9GcHeNX/AakegwDAPncByH8ZAPcC/wFA7hsB9TFJA7x8dQejZAMGmh7tAMMAzQHQl7j8y0s48KC+QQddnu8DuUgFBB52XQGkagr+t2A1A5cLUwJbwrb92HdpAvxXWwK5yhkDu9xFBrhyjwCrvd8DMmG1AUHhNQH+Rmj+lc3bBiNc1wdkqk0At6tq//T4SwOB3BD/Mh48/EyFRwQjnMcDroXpAQTDqQKzhSUGIXzlBTo4rQESKhT/atgPBP/w3wQQgPcA0/PFAKT23QLnpz78ilqBAOeacwA==
守护之血,sgpMvwhE4cA2eoTA+HvFvuTvm0CTDV3AoCK8wGSlgsCLXcVABbiowBghJ8G0d7O/WDD/wGPDw8BojSJAgdfswG2W2MCCw+lAKyglQfI+ccCQochAZPJYvqCqbb5KWHQ/PhFPQYR1zMAV7AxBVx/bQFRcGEBSpXc+JvbcwKcxxL+szfpAEUCnwCd4y0AMiBtBTh2/wKASLMCuCWdAlL+KQC86WMApZ7nAkoUHwfBcFEDroR/Aq+mXwOlEOkCsEGJAQ5EFwcDUgD419mk/Sg5OPjm/nEDHlmtAdxiswC6mtr4EagnA5qihwIT1A8DHhfNAY7reQKPL2j9DOZpAiVmzwA==
逐光之石,4E2sQAQtBcH8j4DAd8pYP6ckF8A4vNTALJnPwCG6+8Cyo+9ARPsEwU4kMMEnrpO/OOjNwIodwsA0/EVAihdzwDJ4KMDa7JVAcsEuQcYSB8Hcv/hAZ16VvzAxtT3QyCU/OJxzQcQp9sC2QhNBkAq8QCK4B8A6Ywg+WEX7wJT0ND/lxABB9nD/wLIuqkBkhylBgiXSwGlN0z5p8OA/T0WQQJLWCsHKqVLBLkKXv9hmDj8kNTXAJDF+vvu5H0CX+/G/+R82wYolWMCooABAKsm4QNUUUkGUfiVByCKNPzsJ67/Gq9PAHuXywGv9zL+oWgpBbFTtQNmWsb/qU8JA4YzPwA==
果果软糖,sSaawCTDgMA08aQ/7WuLv9JFAUDg9IRANwI+wInrLMB9lGNAKWNGwBTj8sBmurK/i5HkwLawjL+1ujvAqhMFweXY1L8kPXtAWPjsQKvruD6CXSJABgAzQNBJyD9Z/vC/7sSRQaXfgsBiPJJA34J3QFRS/0BzlE9AJhK5wDDtIkAS9r9AwKgXwBmJzD+mNOFAxPyOwFYjosCyGZM/QjIuP6BuO8B/rWrATYIIweghY7/lQrM+q9XZwJhSPD/N5JJABftxwVFhND89gXhAJIDAQBu8OkChBBpB0Ad4wPsxkkBMjInAKrLkwMHiNsBwmLFAeiyZQFPpDL+Avvq/8KXGvw==
雷鸟的怜悯,QSPRQCi1FMHpSq/AIo9DQKXS9j4rkAbBxM7iwBq0AMFtqvhAoDMVwUyXSsHjF3O/q1e8wJ2mC8HruSxAZoRPwKnZ+sBQCq1A8AxBQTOUB8FH+RBBCV6+vxgXij6STD1Ar9aBQaziAMELOi5By2fOQKp/asCVnQTAuDcFwY6oPz+7/gpBRb8QwY4syUApxz1BlWLAwLJlnL+byjpAmmvWQJ3kwsA8zjHBoBNDvnuTZMDX+4/Azc0Jwa5blkBIDWc/CwsZwak/SD7mOla+O8mLP5Z5WkGQiklBXnxKwcDOTcC3DazA6ngDwaIHgb+p9hBBOsb8QOeuEsBf+61A2GIIwQ==
唤雷的头冠,GdtJv2/7XcC8oLy/s/JPQJo8ej+00zZAMHsEwKkOW8DpiXlApoJWwL5V98Bsd+O8IiJkwKoCF8Ar7oFA+XOPwESZsD7E91xAiNYCQdV47L8yIRFAUBMEQGpaxT/TaZq/pZswQZFGRsCGS6ZAildCQLIqUkAdNjw/VzmlwLTcz7+8C7dAvG2TwAD/QkAcuOdABthZwPrMWL/0c2w/ffo8QEnXisDKjMfA7kdgwDpxvb7RbRLAsm8gwRxkrz+eV6pAsV0mwVTtNz9YEcE/dsZtQIFIBEADiiRBksOPwNDa1z/e74DAzrIhwKwx2L/u3Z9AaxxnQCuceMCegoI/KEV6wA==
测绘员蛋堡,4Khmvi/CXsDwApq/Jj1zv6I1jkD3SytAm2LvvyDdVsB5koNABExowGQ//sCJWAbAq/mJwAsjGsCGsw5B3IvMwJterz985INArGMIQc3GDsC5NCpAmBh/QBpHpD8EcxXAIqFbQctDWcAGQLRAXGeDQDiWvEAyzOk/O5uqwMwlFMGQt8FAWvpmwF3EVEBH4ftAOLdrwIgPosBgyug/9zAGQE6mAED0+wTBOkv2wEe/4UA64qK/qOVSwLL9GD6KjhdABaswwcfeQkA5kCJAtrLEQBsMfkDNt8BAXFYXQL5vfkDh2KHAwKiPwPJSCsAGFbhA6LeBQC0thD+WP6VAmck8wA==
摇·滚·鸡！,oKdJwB2mA8AAahw/f+F0PmDZeUCm9FNAV2xJvmhl97+NphtAsvoZwCKNw8DIoifAm+RQwJTJTr/UScNAH8PbwL7sWL/x1wJAfR3ZQFNZmD5vEhE/Ru5EQPmmC0DGQku/uMRcQeKIJcB8hm1Ad/EdQLzKBkGf3khAkt+EwMGFr8BCD4xAlWQSwEGE5j+MiL1AFeIywMZtysDZAOS+zio8PxQh8T51j9HA2cUVwebYrUAxUqM+/9URwDTxW79QaMO+doc3wSacHz/D92VA1W/ZQG36kkAlMuxA4iRvQBrxYkD0ddPASwLWwPSBP8C3S4xArrQwQBcbDkAov11A/FzYvw==
冒险家的经验,cqdmwLZECcAQ21W/wPAbwBL83L7gIZNAMfbrv5BX2b8B5FVAahGBvyIF9sDUbUpAJ6WbwLz+mL8aPSrAukt+wL73nkD+qqJAfE/+QMvvnz8X9iw/KG8CwCb4wL9GEDXA5QOJQB87D8C9aX1AB3FwQM7kf0A/rIi+TZStwDpr9z9E0MJA3IVdwG3nVUCTiuNAGgaFwBaRKEDvN4w+F8ssQPb2RcF2IuS/6eOYPyjKO8AGvD3AnabkwAZRHEAuorRAV8UAwU9YTD+Kxzo9zcvtP200/cCHwrFAla3+vwb1VUBwsXI/6NZUQFfNvz9e1ZBAKa1mQLORZ7+J2Nm/uS9cwA==
「蒙德往事」,WD+GwB8av79bS+8+3dDLwLc6nECBAHBADiEyv34ewb9d9ChAvKKsv1mO4sDevsC/E72HwBlF3L6A5x1AP4HTwK5G2UA1hGBAGoH0QDVuGz8Y9/09oDsKQOiqCz93y4+/LoUAQaUZFMCiuXlAhhhTQLFq+UCJQR1Aj7CVwEr7gb9r/plA64YawK4hOEAOg9FADStHwKIncsDDueC9zQiJP9rNpMAVDKXA1GJewJadLUD6w1y/1d8xwFE8sT5kv7C/91UwwXznCkD8a0BAKWzVQEXI078jaI9AZrTwQF7npUCKsxjA2YVRwNSA079OWotAjjRHQGiAtUBPDrM/WkL+vw==
烤肉卷,9GdDv0/gE8CbdbQ/c8olwFLegkBAwOk9kGVpPNrz7L8ojug/8MFPwBwPwcDOA2XAzHcWwO5c6r+ZF5JARD7KwMQC1r4xG4M/t0PVQDVzgr+2zbA/M8nxPzmBGEAJk4A/OCSKQehmGMBlBH9AyTj7P88uukCiyU9ALp9rwF+9HcGs6VtA9+4swJJD4j+IQ7VA7DcDwCC3BMEg+h4/kHfLPhTuAEDDWifBObiGv92kjEBUvwg/0gTCvy8d6b76/8jA67tmwSy/V0ARXJNAUx7mQEuyAUHpBitBEp80QMpiQkCeEPrAXb8IwQi9z79Af4BAeG4jQKG+m0BVUbFAV8zhvw==
气泡酸莓汁,nrg6wACvKcBC5Ya/cOi3wI3nOUCSehpANqEAv5RKI8BbkFFA5cz4vwirAMEB1Yw+5Q5XwA9/2r/9aINALkeDwCSi6r6dcldARY0KQSe4gr9MzoI/ad8OvwjyMT8ytIA8PRLiQN6AIMDDiJJA49trQI27a0CWqI2/fmaPwFF+jEDMKaFAJZyKwB1lc0AWMtpA6DxAwPRjmL7c7Je/afohQPEKL8FVO7jATYfbPWy4HT5MzOe/SmVDwJwKhz+g4Jc/EdnqwPOyhUCIdog/tgW+QMXdPj8h3ghAbwkOwGQrsz7efPG/AkufwOyCrb8dWItAJO9TQE26DUCHlu4/IZA4wA==
华饰之兜,o9Thv3ZAncDjHQLAT1XZvx26oL7gb7M+VPt3wDj2gcBPR6VAgjCDwGOaHcERzvE+svLHwJ09dMCI3ZM/wRPpwG8uBj4W27JAOEseQVHULMCxDoFAAlDPvkBfgr6NsoO/Sd4vQWHlmsBhbNpAPZKgQGxDUECNa1k/du/PwJDpOT/sd/FAJQCowHcHlkCDKhFBvs+gwFgVNz8pJz1ApdpYQB7dCcHBqATBX2/SwA2TAL9uRTHAauu8wIkwJEAWHaZAG2giwR9zTb7XptE/mzGKQM/FEUB9C5tAVFudv/LJAkDSOy/A1CxPwNzDzL++39RA6musQKtlT7/9oz9A3maZwA==
祭雷礼冠,mga+QIWgFcF/fJnAgKRDQAMd18DSVvzAKxvuwMvpE8E2pxJB4P0fwV1wWsEQhwdAg4npwAucCcGO1Ny/G/kxwL3Bv8D9mLdAUzRTQS/YC8FD8AdBcDapwGSPhb+wkYw/w+hfQbtwAcGYxjBBfVDeQPVC28Bx3CXATykZwTCqoECVVB1BQ4M1wWRw1UC+RkxBNLLtwOgbhUDkLBRAGhPpQB3DT8FduEvBrFk7vyB+PsCC0bbA2T1owMCipkAOvcW/vbErwZalbsD3yIO+ucCBQLvzLkE2OC1BsoeMwOnEqsDZbo3ADNLrwJwBmL1tpBtBZxEJQb1BI8ArV0lAsbESwQ==
奇迹之沙,vIFiQLfp4sBZkoXACYn+PyDbPT8G8EbAokquwCyy28DXbOhAp57WwN7HMcEQshHAcYXlwBmszcCpzj5APNaewNd7q8DkqZ9Alzg0QfI3CcFactZAPgWbPpBtAL/GaW6/xfdbQeaU18B0whVBvy3NQAtMTsBJ8sI+P63nwGBPRUBbkvRA1xr2wBUBp0CNeSRBzwvKwG4KXL/3ypBAfH2qQK4X48CUtl/B5BdvwehJQkCCgmDA1JmRwPN8C0BQy9FAlxwRwYJRZ8A2Md4/K4qrQLFE5EB92rlAlEKgP67/EUCuCkPAdoruwGaCt7+QCP9A83nYQFOSV8AfhsFAa9TGwA==
永恒的信仰,Ly6rwENQLsAbFh1AVCJcP9olGb7gHLBANBv1PnlHdcB7fxpA0jF0wO9Z3sDDp6bAVHA8wEBbVj/V5LFAyMkdwZF6uMAGohc/UYD0QKXs0r5MU1U+WiydQBV+okAlOJK/aHSYQUkXMcB5KkFAoacaQMh7D0HqG4VAy5WLwFRggj5lvqFAOyZGwJq7fD445stA1ZRLwCEN4MD5hgLAtlQfv5DSQb4G/CrB+vkcwQxD4kBSTAJAEm3vvxsdbsDA69w+NSpUwdChp75f/slATh1NQbsg/kBwA1hBMDuAQJh4HUAcNzTBk3aDwVUK1sBgqqVAcwA6QLVTKj9GTApAZtMUvw==
黑铜号角,eikSwN7uQsDYcvC/pLGUP8RVKEC6GolABagQwA8uIsDk74NAwP4JwI/LA8HQ8oM/qcyIwJpSAsBAptU/lP59wHTOG0BBkp1AU3sGQYWYl77kv+U/F555P/z7mjwAERDA+SDeQGOcL8BiMZ1AVPl7QFDPcUDlLsk9RyKywLAsob9OPcpAT+F9wM5VakB+4vpAs8Z6wKDjh72oB/M/ULNAQEfiqsCwMDzAXI63wMOUCT/QMj3Aij7mwCyA5D8uf9BA7qj9wHWv4j+JMN4+ilkEQA3AjsCXI5hA1IJKwFzJbUCcjFa/fElbvUSSqj0mDahALzWDQGGu/b+GSJy+RfNzwA==
鲜鱼炖萝卜,6IOvv0gWzcChsK4/iXQHvrOLLMFeiJjA3nlPwOTGvMB7lMpAbgTcwONwLMEu1xZAlU76wGk2kMCekA3BY82+wN+hPMBo3EFAougaQYslSb4gn5NADMgCwQDVXD8zFwdAnJ1qQS6G0cCinN9AX9qbQDK2Y0A9GEI//37ywNlJvMCwe/5AR07XwFs+CkAU1CVBs6jDwA13kEBxeqi+/cpBQHeGvsCuLvfAoC5VO2T0yD8SRvK/zKrBvx1QVkCCMzrBnZApwWRphj5HFQNASTa3QOlPPkGFJu9A4BpQvxKlFcAdH/vATC3kwPg4E8A/YQJB52TSQPJCk0DpL21AqtexwA==
勇士的壮行,eEFnP+RJcsAtihLAR1BKPsA2v0DEU4I/n0AdwB2FWsCfKI9Agfp/wDkqDcEGeRrADdSIwMkngcBs6ttA/Yq4wD1Iw78Cs49AWecZQQMWjMBaYzhASs1EQPwMBz+S9Xq/iPQ9QVN1bcBeZdxA26qSQE7jAj/95Go/1qS3wKter79ky8BAt/GrwBrul0B7cAZBZXaEwLB8lsCtsC9AOsl6QApOF79IUBDBBS0xwUJ5mkBD+iPAN4SbwJGUhz8Eg2lAZs8rwQgTiTygkgRAQI6RQLnf/z8SGMdAXrg8QFRaGUDzpU3A4h+ZwJxil78MVLlA3NqNQLXLPj/X41VAJd6LwA==
地脉的新芽,SIHWv5xrtMD3Ow/ADcaMQGWw0kBEEiRAPtR8wFO4ccAJRZtAdbePwE8VDsGhhhLANly+wCaSbsCtaAFBh3DowHHbUcA6vKpA0L8OQVXlNMBb/Y5AuvSrQBuDF0AmeGC/PmyAQc8oo8AvJN1AX0ynQDxdjEDJioQ/n7DGwGLajb8+RNpAqop/wEb8ekCn2AhBxi2IwHxQlMCj9n1AzYw8QFR5XkCROpDAJOtrwa+LFkB1Pe6/NT4hwfsByT9hTwJBfuQowfB8BECmL+0/K9g6QAY3ykA1CPtASUgMwQYBIkAiLJrAMoviwPB+fMBxOdBAnV+tQI5RNcCUygc+dWB2wA==
纷争的前宴,ytAHQKmy28C0NF3AXaBFwA1Y6r2d0MHAyo2qwPWLpcDEX8RASfzOwE/nO8H+mi2+AUC8wPPM18C6Juu+U2nSwKuRZsBPX7ZA25A+QTWwm8CS285AAkeCwMPQi78TJco/hkp8QVD9s8BL6A9BRcinQEwpYj/bMmW/Y+fswLjpdcBLGQJBoo3cwD2DxUCQ8C9BXMehwKxlmb7ScS5ASIacQAH+/MCeghTB67WVPxAl/b8UqmbAoRXtwH3chUCANrg/7SVDwR74XECtNCo/as9tQFGS0UB5iShBsGriwIcCo78nWEbAEuGlwO5Beb7Or/RAf+jLQNX1GD9Xn89AYMnqwA==
流浪者的经验,xhGewLLUMMB8KpU9sq1hPyKRu0AEr5g/Plssvzyrrr+ojhVA/LI3wG1D18BvL6zA6ASGwAYfDsC4HJRAVWYvwZ1vqcDurjZA/h/rQBsQmL80hK4/DJRKQMkDYkCSuAdA9GNwQZIjSMCynKhAuEhLQOmfzEAUKohAfSVzwJGROD4rSYFAjmMwwK9KQ0BEvrxAZogWwMzE2cCsH9U/AHpUP/WQ9kBGwOPA4hyiwR8S1UAiPk0/FeW8wBiJfr/4WHY/vVowwfIMsj1Sw61AAc+4QJpV3EBwD9tANicVQFW75T/glNDAKbs4wfc/ucB+pI1AkoJGQKamkEBa6UNAx6EXwA==
泡泡桔,U+fjvwGOw78BmIC/dXlswHenBECJLTpAkMRQPNtpEsDPmR5ACufdv4YUwsAfjvq+b7qkv23dvb4Cks5AHPo0wGjGhEDtRyNAFVffQLlKtr6Sppk+ZyOkP9xDLD/GfQa/GvLXQHGAvr9pP0BA8UcRQHxAmkBiwSw+nTJswIOmkcBKBo5A+chOwBgqTUDVRrNAUtEPwCPo0L+2awXAaavDP4Frn8AXS67A9TPaQAAETUBWrq6/qMUGP3jwIL3s/+G/+Wr1wNHNLEC2T9E/0xy0QBQIPD6hN7RAvNVDQPuGtD/tA5PAT0l6wFQIrb8ZyHJA9RgLQH/0MUBVsak/ytgGwA==
混沌炉心,FgUxwILUCsApvIq+yQ6lPwUbXUBS7YhA7vw+v1Az2L81ujRAImAPwHXt4MC4dMi/QiNfwITw6L8jcbhAYTDywMwwcr845VlA8Nv3QGsOVL8W8IE/kB1HQGQPyz/Xa/y/IP81QWi6CcBhZZJAS7NOQIuum0AtUQhAROSLwIS6t8BUzZ5AaT9XwCrQL0CMZ89A00E0wGQcfMAq3xxA9EXjPyxPzL7CjvHAzrwzwat8fEDKE6O/GyXrwHI+Oz5ApMZAM1UhwUz/C0Bg7i1AmXaiQGfpTT/Oos9AxJHQvsQ/S0Aj8mnAuR5mwKQZ879G34ZAKbEwQBWE0b9VEENAr1Y4wA==
凉拌薄荷,7KZRwOPe2L+iDlpAdtQ9v+kEpb50fuo/Dvb/vRNuJL+MaDI/0yEMwFG2jMCgeo6/a1qEwKHDy75aLiHAWQrswC+flMDmV0k+anWWQDE+CkC+7LM+firTPq5V6D+U4K29I9SgQYvvpL/W//I/IisMP/B3/0DiuSxAifoqwJ6TN7/Obi1Avfqhv/MIYr+bemJAIwHEv/AJtcCHSOi/fGkmv+Dk4sA+JuPALVy3P8L6XsAc4LM/bNO+wKTUhz2gqoE/ktJ7wYYK4j+WbHVARYzSQCWR2UDCPmlBiJ6pwOh6KEAciLLALvT1wPwL/r/Rvg1ADVK9PxWM6b8hDdI/zCEkvw==
千层酥酥,zu9zwNAwKsDdHDRA8zbJv+aiQT8S4G5AJ+Oov8IU+r9JcQ1AwyMnwGsRxMDf02a/+gq1wMk+0L7lsE6/ncbuwDdHGD7Njg5Ad1/FQK1znT8Wrrk/8/W1P1Zxkz8V6ri/bPyNQerzNMDMZzVAgIwqQPMZCUGX/kNAn9iTwC/ZMsAbqZlAxnqVv9Ei2726w71A0IVbwHrBuMDBQSG+/CIAvcjBlsCHNcnAT0Nwv4G4Mb+QXDM/ptjAwDn9iz4YYCk/oxZpwUhPjT+mq29AdizNQDPuh0DZC0NB9Y69v83krECjKrrAuMaZwAS/E8Cuq41AJZtZQFFEAT11CaQ/Q6+Kvw==
烛伞蘑菇,6Ufbvwp4T8Dryug+VKFUPzFQMT8jXDtAZ7wAvukyZcBvbVFAfp51wLjx98D4jTXANy0swJDMBcB/K+JAl1LkwJdTjMCljK0/FZoGQS8d1r9KUtA/LPlRQPfpJkC6aQe+Yg13QeNFK8DNF4RAgFpCQI7IuUDciOw/pX2IwAxO+cCIw6dAda1rwM3N1z8mCudA4PRHwJBYoMD5oNC+Ste8P4ImLL9gjzXByiXTwFPT5ECGGxa/HebeP+yzL7+ga+w+oronwUQ+KkAvA0tA0UYPQTCl8UDdVp9APCo3QEjXM0DuAebA2tgjwabSfsCHdqxAguBLQAbRjr4R4MVAGYccwA==
至高的智慧（生活）,qOMLwMcHkb/oqy9A3Wy4v1h65D8w9CM/B6H0P7v0fL+wehQ/fukIwICOvMAwYRnAa/G4v8zC1r9MTIhAMJUVwe6W07+mmEg+MaTfQNH1fD8FXUK/HujUPuqQ+z9lP44/tCeMQZGn0b8paFVAA+KmP+8TCEHObkdADZxbwNhv6sAfx0lAIUcywJQQnz9lm6xAlwySvybV08AIaBDAZBN+P6bzJ0CPnwfBnwHgwA0KmkBy8Qo+5TIswCdks76ibajAY6lnwUwZCkDlHYdAyEQHQQBq+EBJiytBpDqdQNOKgz+8hwLBLODqwHxbGsD6LlhANa+3P+bepkBfM8VA1fwlwA==
没有未来菜,9FwLwHTzJMAwNGE/FHgqPxSuqEAwVn5AHz+Ev/y/2b9NHDpACBwZwI2z2MCYL42/miabwNkZC8Dl7J1AC6jgwEz34r8MTTVAl2XjQHvd4T4IRu0/lIZTQPxTvD82YUK/oQp4QSpeDcBoSoZAnfs/QMDC6kA0ueY/GxSHwBsAEMFi0p1Azu7ov2v6hj8gTc1A/kMxwMPU1cBEt1U/op7UP8jg1j//p8DAVcbFwPNQMUAcYWS/j60wwTKNiT9E4GRAMtU3wbq8lUDPwhFAor10QLB3c0D9Qe9AkNemwCXMqEAchojAT+KBvyB5GMAZJI5AJrRMQEMbHL8LgapAq/0WwA==
一捧绿野,7ExgwAT8PsDMqChA0AjtPnrn5j9N6WBAK2fbv0wFBcCaMfU/e2Q4wLvgmcBAX0LA4CzBwMFfo762svs+Fyn3wJPRSsDTcpk/haugQFBtQDsw1us/htSVQH9nJkCRvvK/9DCuQcQoTMAo9D5AbN/4P7VaB0HarXZAPylYwDjH9z4g8WVA1nCNv/fkTb809oNA96kqwEuO48BoJHI/8qZAvzWOhsCbrwbBoNumwGXeDcCIR/c/az/1wFhoDr+/1bpAybB+weS/Gj+noJZAkd/1QHbyEUEC3F1Bt3O7wNOdqEBUj8jAiQ0Xwd8Pb8BrGVVAYcMvQKq9hMC9AIQ/6CoEvQ==
琦色灵彩之羽,qYSZv6O6WsDmIh/AJC75PuBZEECmsARAzdYYwMslLsBxR4VAv7IzwCF4BsG3Gkm/cS6AwEAvL8ALyAVApyqtwEX8EMCcyIFA4hoLQcFQFsArhyNAP+lZP1xzSz9FAa6/oOcDQVFgPsBJMblAKdl5QLmj9j+sdYU/wU+swHb5jr8bWbtANTGRwDVoa0AAKvtARbh2wJFLo790XSJAA4sxQECe2MAu6/TAFsDkwHVQWz9IZw3A26chwYVLmT8UyfVAZHbowM9qnD9WocI/C9cuQMCfSr9tddZAhYuowLx5G0DpKAfA7pa8v1D8Lr8iKKpAsUyAQM7MTsAUQhZAIhqAwA==
饰金胸花,1CcdwH3KMcCFSLi+sa5XvkEvLz+eUitA9zSYv5HGR8BKAVtAX1NMwGRD7cBlEizAvdCCwK3hw7+C6k9AZ27nwISWrr6PCyZAXzYAQedKB8D4Es4/DlQXQMBu1T83ENC/QXJBQd5xSsCNdpRAj7VQQNx2g0AYd1JAk7iZwEy9rb8TbKdAvQqCwObvJUCsm9tA/ohqwM4ZN8DqpMU/CTPFPzZ0HsBz/RbBzroewUFVhkD+FBW/5zB4wJhoKr/GKRZAYfUswWmhxb/3doNAFanpQH2wZUBTYw1BBDeYQAbXREAl47TAmm3ywPqkLMD6xqJA/cVeQItKCb/YwVBAgVAxwA==
